my_signal,subject_id,identifier,filename
True,rep_0,0b2ae4c1772d4dc096af78bbdf641cca,repertoires\0b2ae4c1772d4dc096af78bbdf641cca.tsv
True,rep_1,09b25cd89a46474c8bbc0777696a8f99,repertoires\09b25cd89a46474c8bbc0777696a8f99.tsv
True,rep_2,1d5af8082815402d90ac8e762b2a9729,repertoires\1d5af8082815402d90ac8e762b2a9729.tsv
True,rep_3,fa968a973cf5401fa1736f7996b6ae6f,repertoires\fa968a973cf5401fa1736f7996b6ae6f.tsv
True,rep_4,ca6b640d0df74975af8f814988ee8594,repertoires\ca6b640d0df74975af8f814988ee8594.tsv
True,rep_5,1740b3a49cf3458eb47235ad87aef552,repertoires\1740b3a49cf3458eb47235ad87aef552.tsv
True,rep_6,b5851ec964754bc7bc03ea4b29f100b4,repertoires\b5851ec964754bc7bc03ea4b29f100b4.tsv
True,rep_7,4d1543d95ddd4edd980619aa41660140,repertoires\4d1543d95ddd4edd980619aa41660140.tsv
True,rep_8,29aa82f1e6184799945ea0f034502bcb,repertoires\29aa82f1e6184799945ea0f034502bcb.tsv
True,rep_9,aeb3209c9a81437f9aa44b8868c9f826,repertoires\aeb3209c9a81437f9aa44b8868c9f826.tsv
True,rep_10,9b4c2ba4a6014e93b22b3607fa22bda0,repertoires\9b4c2ba4a6014e93b22b3607fa22bda0.tsv
True,rep_11,15480a57707c456f9cda23e8ac94bb95,repertoires\15480a57707c456f9cda23e8ac94bb95.tsv
True,rep_12,9c89a3f7def942e0b887bbedc04bad79,repertoires\9c89a3f7def942e0b887bbedc04bad79.tsv
True,rep_13,5dcda7c0ec8d4f38aa64abd2d98f978e,repertoires\5dcda7c0ec8d4f38aa64abd2d98f978e.tsv
True,rep_14,5c40286608ff4f5ba819c27ed9d7d4c1,repertoires\5c40286608ff4f5ba819c27ed9d7d4c1.tsv
True,rep_15,fd43465570d3421b86fe49f483a602b7,repertoires\fd43465570d3421b86fe49f483a602b7.tsv
True,rep_16,6152f39955d545f28bf958266803e754,repertoires\6152f39955d545f28bf958266803e754.tsv
True,rep_17,6391674874a04fa2a9261e5f980eb25e,repertoires\6391674874a04fa2a9261e5f980eb25e.tsv
True,rep_18,378715d6480946e6b173cc393aec3090,repertoires\378715d6480946e6b173cc393aec3090.tsv
True,rep_19,384daecef40d4063900665e1b1bd64a4,repertoires\384daecef40d4063900665e1b1bd64a4.tsv
True,rep_20,6fd3d3edf252420ea9e87499ad07c017,repertoires\6fd3d3edf252420ea9e87499ad07c017.tsv
True,rep_21,f9a3d5cd872b4967ada7736580481ac2,repertoires\f9a3d5cd872b4967ada7736580481ac2.tsv
True,rep_22,852a835fa6224d21a71180b12362504a,repertoires\852a835fa6224d21a71180b12362504a.tsv
True,rep_23,51c35cac18a448d195d7c5ab4d7f2f4f,repertoires\51c35cac18a448d195d7c5ab4d7f2f4f.tsv
True,rep_24,806eda5cd3254b2da21be2623bbdbb48,repertoires\806eda5cd3254b2da21be2623bbdbb48.tsv
True,rep_25,d77aa202295447a5a2ebb34359fbf396,repertoires\d77aa202295447a5a2ebb34359fbf396.tsv
True,rep_26,20eba36e07c04c369be64491a56d218a,repertoires\20eba36e07c04c369be64491a56d218a.tsv
True,rep_27,e917bdb37f0646efbb905b8a1286c013,repertoires\e917bdb37f0646efbb905b8a1286c013.tsv
True,rep_28,ef7e1216b06e47c09f8fe3f7471f97b4,repertoires\ef7e1216b06e47c09f8fe3f7471f97b4.tsv
True,rep_29,4fd8bc7d25c04fa4b7444c469eb6227a,repertoires\4fd8bc7d25c04fa4b7444c469eb6227a.tsv
True,rep_30,e4847a73b7494bdb9d4ff368847459f7,repertoires\e4847a73b7494bdb9d4ff368847459f7.tsv
True,rep_31,b65bee6910da4f3093555d05d49acba2,repertoires\b65bee6910da4f3093555d05d49acba2.tsv
True,rep_32,7e42d7b296bd4bb38a9c0bdc382af5e0,repertoires\7e42d7b296bd4bb38a9c0bdc382af5e0.tsv
True,rep_33,04bd06d5ab4d44f1a6739f1897d54b93,repertoires\04bd06d5ab4d44f1a6739f1897d54b93.tsv
True,rep_34,fcf542e944c34a25b3777740c942e151,repertoires\fcf542e944c34a25b3777740c942e151.tsv
True,rep_35,6e4e326380e5443584b329283e8d1541,repertoires\6e4e326380e5443584b329283e8d1541.tsv
True,rep_36,26c2189ceeeb4ee9898a759bc6b983c7,repertoires\26c2189ceeeb4ee9898a759bc6b983c7.tsv
True,rep_37,28eca871005d44c3a8600f7953b4e8aa,repertoires\28eca871005d44c3a8600f7953b4e8aa.tsv
True,rep_38,6f57e583770d4ecbbd9228585cf80aa3,repertoires\6f57e583770d4ecbbd9228585cf80aa3.tsv
True,rep_39,b4f05a923a054582842ff650c9d543af,repertoires\b4f05a923a054582842ff650c9d543af.tsv
True,rep_40,232b31bb3d8f4a5d85b582433b40f61c,repertoires\232b31bb3d8f4a5d85b582433b40f61c.tsv
True,rep_41,07a0142ffac24324944e52e33707f9c1,repertoires\07a0142ffac24324944e52e33707f9c1.tsv
True,rep_42,909aaaff7a624783a1bcbb27121d220f,repertoires\909aaaff7a624783a1bcbb27121d220f.tsv
True,rep_43,67d36f50c3f547d4abaa53f212dab9c5,repertoires\67d36f50c3f547d4abaa53f212dab9c5.tsv
True,rep_44,ff876266d28b473f9ae0549db601b487,repertoires\ff876266d28b473f9ae0549db601b487.tsv
True,rep_45,c403aec7cdc341099282c8c1cabf6aee,repertoires\c403aec7cdc341099282c8c1cabf6aee.tsv
True,rep_46,2c60cf191d094d3ab34d3a61f76610b8,repertoires\2c60cf191d094d3ab34d3a61f76610b8.tsv
True,rep_47,778f04cc6f664989a64a277312f24422,repertoires\778f04cc6f664989a64a277312f24422.tsv
True,rep_48,7d232abd76e24ae0a6a2333eb4cc4e5c,repertoires\7d232abd76e24ae0a6a2333eb4cc4e5c.tsv
True,rep_49,b0aa3728ff664a9e8b8d222492f16097,repertoires\b0aa3728ff664a9e8b8d222492f16097.tsv
False,rep_50,f83bc3149dc84de78b43499099e888d8,repertoires\f83bc3149dc84de78b43499099e888d8.tsv
False,rep_51,055b5cce1e054c6c8d89f0a4be3b7131,repertoires\055b5cce1e054c6c8d89f0a4be3b7131.tsv
False,rep_52,506d8ff814204099b2ff0b153cd0ae2c,repertoires\506d8ff814204099b2ff0b153cd0ae2c.tsv
False,rep_53,65d8b1743da24c259b009705ea8f8fe6,repertoires\65d8b1743da24c259b009705ea8f8fe6.tsv
False,rep_54,4221585a2f754c5faa502ead4f214b77,repertoires\4221585a2f754c5faa502ead4f214b77.tsv
False,rep_55,f1cabefc17264d6a98a6bb1a8af23c46,repertoires\f1cabefc17264d6a98a6bb1a8af23c46.tsv
False,rep_56,308da191e77f42a0a08b3f080411c5bc,repertoires\308da191e77f42a0a08b3f080411c5bc.tsv
False,rep_57,105b66a36c9a4239935fa1a0c4500183,repertoires\105b66a36c9a4239935fa1a0c4500183.tsv
False,rep_58,4311f323ef1f44f491017d816b8511b0,repertoires\4311f323ef1f44f491017d816b8511b0.tsv
False,rep_59,e916aa47528e469daed4a626feb810ec,repertoires\e916aa47528e469daed4a626feb810ec.tsv
False,rep_60,6d65b21d653b412cb87b77fac8fe720c,repertoires\6d65b21d653b412cb87b77fac8fe720c.tsv
False,rep_61,c346a003038d4c9f8f93d2b48faec628,repertoires\c346a003038d4c9f8f93d2b48faec628.tsv
False,rep_62,5edb9d604cfd402d966b9379a3ffd045,repertoires\5edb9d604cfd402d966b9379a3ffd045.tsv
False,rep_63,d45557104c0f429bb757f17a0d8013f2,repertoires\d45557104c0f429bb757f17a0d8013f2.tsv
False,rep_64,3a03d941f3b94e668fb2fe32431c899b,repertoires\3a03d941f3b94e668fb2fe32431c899b.tsv
False,rep_65,7408c98aeb1b4d439aa1961539225ee1,repertoires\7408c98aeb1b4d439aa1961539225ee1.tsv
False,rep_66,562b4de061e84c1c95132685c9cafff1,repertoires\562b4de061e84c1c95132685c9cafff1.tsv
False,rep_67,429cd748d5e041c4898bbe931e4d64cc,repertoires\429cd748d5e041c4898bbe931e4d64cc.tsv
False,rep_68,e2de0c840bba4663b08429296cbd2699,repertoires\e2de0c840bba4663b08429296cbd2699.tsv
False,rep_69,5cc5ea8b43924677aaa9867bedaceab3,repertoires\5cc5ea8b43924677aaa9867bedaceab3.tsv
False,rep_70,87973aee10d94ebf9f2726ec11b20a12,repertoires\87973aee10d94ebf9f2726ec11b20a12.tsv
False,rep_71,452b0e6fec3a46b6ac7252704fac9824,repertoires\452b0e6fec3a46b6ac7252704fac9824.tsv
False,rep_72,f46a3d1daa9b4cf3806414f5dee79f27,repertoires\f46a3d1daa9b4cf3806414f5dee79f27.tsv
False,rep_73,6055776086f14379b76ac425064b874d,repertoires\6055776086f14379b76ac425064b874d.tsv
False,rep_74,0b713cb3a9494a03a1540d0e86beafaf,repertoires\0b713cb3a9494a03a1540d0e86beafaf.tsv
False,rep_75,5fbeca08f8734c349f1ecc15eee89c69,repertoires\5fbeca08f8734c349f1ecc15eee89c69.tsv
False,rep_76,19093f291e654b2180de2d16e4632913,repertoires\19093f291e654b2180de2d16e4632913.tsv
False,rep_77,4a13f9ed58614d11a04565690b9d1131,repertoires\4a13f9ed58614d11a04565690b9d1131.tsv
False,rep_78,9d82b5199b97405cb28f793418e1b948,repertoires\9d82b5199b97405cb28f793418e1b948.tsv
False,rep_79,b5713615b9e94e5c8ad173d0ebf72139,repertoires\b5713615b9e94e5c8ad173d0ebf72139.tsv
False,rep_80,1c8c444691404a0a822baeba8d3cc0e9,repertoires\1c8c444691404a0a822baeba8d3cc0e9.tsv
False,rep_81,e3a6c6f2878a4397b9b11855528e80c2,repertoires\e3a6c6f2878a4397b9b11855528e80c2.tsv
False,rep_82,bede7ef921bc4f7bb1b7e031deb1c55f,repertoires\bede7ef921bc4f7bb1b7e031deb1c55f.tsv
False,rep_83,74b7265ae19b410ba8c771c7daf34c26,repertoires\74b7265ae19b410ba8c771c7daf34c26.tsv
False,rep_84,8318c7707bab47479cff8b1251618cde,repertoires\8318c7707bab47479cff8b1251618cde.tsv
False,rep_85,37e1a4744f3047409eb79313a7d025ae,repertoires\37e1a4744f3047409eb79313a7d025ae.tsv
False,rep_86,b0f5bcb8b4374128aa8bdd4d79924d7b,repertoires\b0f5bcb8b4374128aa8bdd4d79924d7b.tsv
False,rep_87,41c24d5bc45e402f89adabb6780e8544,repertoires\41c24d5bc45e402f89adabb6780e8544.tsv
False,rep_88,54e77405313b4c8fb4f374cf6885a530,repertoires\54e77405313b4c8fb4f374cf6885a530.tsv
False,rep_89,27bd1f3f0cc04e24987974381dc7b446,repertoires\27bd1f3f0cc04e24987974381dc7b446.tsv
False,rep_90,d56aea90079e4597a500b7df41bd3227,repertoires\d56aea90079e4597a500b7df41bd3227.tsv
False,rep_91,6f888d0fd60c4a96ba7237ef9aa32309,repertoires\6f888d0fd60c4a96ba7237ef9aa32309.tsv
False,rep_92,e6c343edd2fb42788b23cf35ef043ed0,repertoires\e6c343edd2fb42788b23cf35ef043ed0.tsv
False,rep_93,40c7b700cff143b8b5dffb695fe3aa47,repertoires\40c7b700cff143b8b5dffb695fe3aa47.tsv
False,rep_94,8dec05a8749e420289c8b3ceddcd513a,repertoires\8dec05a8749e420289c8b3ceddcd513a.tsv
False,rep_95,49e6664efa434b679ad5c2624de10bae,repertoires\49e6664efa434b679ad5c2624de10bae.tsv
False,rep_96,174ba2b535884a019331df93ae04456e,repertoires\174ba2b535884a019331df93ae04456e.tsv
False,rep_97,084a4a8512304d2b9dfd530ea67f25b4,repertoires\084a4a8512304d2b9dfd530ea67f25b4.tsv
False,rep_98,f9de73dd43534476980398cd1a5f5b7a,repertoires\f9de73dd43534476980398cd1a5f5b7a.tsv
False,rep_99,80966024edc94569bc0b9eb392093fe4,repertoires\80966024edc94569bc0b9eb392093fe4.tsv
