sequence_id	sequence	rev_comp	productive	v_call	d_call	j_call	sequence_alignment	germline_alignment	junction	junction_aa	v_cigar	d_cigar	j_cigar	cdr3_aa	locus	duplicate_count	vj_in_frame	stop_codon	v_genes	j_genes	v_subgroups	j_subgroups	region_types	frame_types
0			T	TRBV1-1*01		TRBJ1-1*01								MPPTQWSHMAWFTHPYKAPMTEVYA	TRB	1	T	F	TRBV1-1	TRBJ1-1	TRBV1	TRBJ1	IMGT_CDR3	IN
1			T	TRBV1-1*01		TRBJ1-1*01								VVCFYKAVVVKGMVSVAVTVKNEMG	TRB	1	T	F	TRBV1-1	TRBJ1-1	TRBV1	TRBJ1	IMGT_CDR3	IN
2			T	TRBV1-1*01		TRBJ1-1*01								DKFWNYYWEGPWSCSWETSQWGCIQ	TRB	1	T	F	TRBV1-1	TRBJ1-1	TRBV1	TRBJ1	IMGT_CDR3	IN
3			T	TRBV1-1*01		TRBJ1-1*01								HLECVRRENCHCRDPIADQPVNMWS	TRB	1	T	F	TRBV1-1	TRBJ1-1	TRBV1	TRBJ1	IMGT_CDR3	IN
4			T	TRBV1-1*01		TRBJ1-1*01								MECQVTFYQANLMIKDQWYVQQFSC	TRB	1	T	F	TRBV1-1	TRBJ1-1	TRBV1	TRBJ1	IMGT_CDR3	IN
5			T	TRBV1-1*01		TRBJ1-1*01								VILRWRCLHYLIYNGWSRYKSRIPS	TRB	1	T	F	TRBV1-1	TRBJ1-1	TRBV1	TRBJ1	IMGT_CDR3	IN
6			T	TRBV1-1*01		TRBJ1-1*01								PWRQGRTDSAAGIWAETWHLSSRIW	TRB	1	T	F	TRBV1-1	TRBJ1-1	TRBV1	TRBJ1	IMGT_CDR3	IN
7			T	TRBV1-1*01		TRBJ1-1*01								FKSISSHKRGARMDCERLFIHTPAN	TRB	1	T	F	TRBV1-1	TRBJ1-1	TRBV1	TRBJ1	IMGT_CDR3	IN
8			T	TRBV1-1*01		TRBJ1-1*01								NIHKTRHQPHPHQYLELMEWHMYPL	TRB	1	T	F	TRBV1-1	TRBJ1-1	TRBV1	TRBJ1	IMGT_CDR3	IN
9			T	TRBV1-1*01		TRBJ1-1*01								NVWIRWMEAQRPSYSIKQHSLCFVQ	TRB	1	T	F	TRBV1-1	TRBJ1-1	TRBV1	TRBJ1	IMGT_CDR3	IN
10			T	TRBV1-1*01		TRBJ1-1*01								LPEDKCRRTSEMGQPMRAIWNFFWM	TRB	1	T	F	TRBV1-1	TRBJ1-1	TRBV1	TRBJ1	IMGT_CDR3	IN
11			T	TRBV1-1*01		TRBJ1-1*01								CKWTKFFIGHQRFDQNARNAGRDLM	TRB	1	T	F	TRBV1-1	TRBJ1-1	TRBV1	TRBJ1	IMGT_CDR3	IN
12			T	TRBV1-1*01		TRBJ1-1*01								VLMAMYQMAMGSSWISHIMCYQDDH	TRB	1	T	F	TRBV1-1	TRBJ1-1	TRBV1	TRBJ1	IMGT_CDR3	IN
13			T	TRBV1-1*01		TRBJ1-1*01								IWEFEVTNDHPPDWGLDSQNIVTHY	TRB	1	T	F	TRBV1-1	TRBJ1-1	TRBV1	TRBJ1	IMGT_CDR3	IN
14			T	TRBV1-1*01		TRBJ1-1*01								EALDKNYWDKVSPPNHCSQPRTNHM	TRB	1	T	F	TRBV1-1	TRBJ1-1	TRBV1	TRBJ1	IMGT_CDR3	IN
15			T	TRBV1-1*01		TRBJ1-1*01								FQKMKRRYDCKEVMSFPLKQSCQAK	TRB	1	T	F	TRBV1-1	TRBJ1-1	TRBV1	TRBJ1	IMGT_CDR3	IN
16			T	TRBV1-1*01		TRBJ1-1*01								GPYMWFTIAGTEFRSQWADTGDDWY	TRB	1	T	F	TRBV1-1	TRBJ1-1	TRBV1	TRBJ1	IMGT_CDR3	IN
17			T	TRBV1-1*01		TRBJ1-1*01								EHKAYRSKFFVAVQIHWLFWAKPDI	TRB	1	T	F	TRBV1-1	TRBJ1-1	TRBV1	TRBJ1	IMGT_CDR3	IN
18			T	TRBV1-1*01		TRBJ1-1*01								HHIWKRPCFVTASFHCNNNYQLPQP	TRB	1	T	F	TRBV1-1	TRBJ1-1	TRBV1	TRBJ1	IMGT_CDR3	IN
19			T	TRBV1-1*01		TRBJ1-1*01								KACNHGLGYKIRIYPVAPMQNIKEF	TRB	1	T	F	TRBV1-1	TRBJ1-1	TRBV1	TRBJ1	IMGT_CDR3	IN
20			T	TRBV1-1*01		TRBJ1-1*01								QMIQNHMCCPFFRNLVNVKFDHLDD	TRB	1	T	F	TRBV1-1	TRBJ1-1	TRBV1	TRBJ1	IMGT_CDR3	IN
21			T	TRBV1-1*01		TRBJ1-1*01								FGSEESGDWIAQHAIGYYLTFSNLM	TRB	1	T	F	TRBV1-1	TRBJ1-1	TRBV1	TRBJ1	IMGT_CDR3	IN
22			T	TRBV1-1*01		TRBJ1-1*01								EEGRCLVLSHLCVPDYSMDNVCPQG	TRB	1	T	F	TRBV1-1	TRBJ1-1	TRBV1	TRBJ1	IMGT_CDR3	IN
23			T	TRBV1-1*01		TRBJ1-1*01								ECYGCISCYFEWGQDSWWIGFVLPD	TRB	1	T	F	TRBV1-1	TRBJ1-1	TRBV1	TRBJ1	IMGT_CDR3	IN
24			T	TRBV1-1*01		TRBJ1-1*01								MHGRGVIEKVPWHSWTSSKWGILRK	TRB	1	T	F	TRBV1-1	TRBJ1-1	TRBV1	TRBJ1	IMGT_CDR3	IN
