disease,batch,sim_item,type_dict_dynamic_fields,filename
True,True,AIRR1,"{'p_gen': 'float', 'from_default_model': 'int', 'batch': 'int', 'batch_positions': 'str', 'disease': 'int', 'disease_positions': 'str', 'signals_aggregated': 'str', 'original_sequence': 'str', 'original_p_gen': 'float'}",2c01950b82074baf93aff64253511b92.tsv
True,True,AIRR1,"{'p_gen': 'float', 'from_default_model': 'int', 'batch': 'int', 'batch_positions': 'str', 'disease': 'int', 'disease_positions': 'str', 'signals_aggregated': 'str', 'original_sequence': 'str', 'original_p_gen': 'float'}",3ddfa92fc4db446a9f6816fd51646bf6.tsv
True,True,AIRR1,"{'p_gen': 'float', 'from_default_model': 'int', 'batch': 'int', 'batch_positions': 'str', 'disease': 'int', 'disease_positions': 'str', 'signals_aggregated': 'str', 'original_sequence': 'str', 'original_p_gen': 'float'}",43cab91f213445aea3fdb702c4bf5bc3.tsv
True,True,AIRR1,"{'p_gen': 'float', 'from_default_model': 'int', 'batch': 'int', 'batch_positions': 'str', 'disease': 'int', 'disease_positions': 'str', 'signals_aggregated': 'str', 'original_sequence': 'str', 'original_p_gen': 'float'}",330cdf875d8642359724eb640ddef0c9.tsv
True,True,AIRR1,"{'p_gen': 'float', 'from_default_model': 'int', 'batch': 'int', 'batch_positions': 'str', 'disease': 'int', 'disease_positions': 'str', 'signals_aggregated': 'str', 'original_sequence': 'str', 'original_p_gen': 'float'}",b1d9b5ed95644a7c87ea95e255867b2d.tsv
True,True,AIRR1,"{'p_gen': 'float', 'from_default_model': 'int', 'batch': 'int', 'batch_positions': 'str', 'disease': 'int', 'disease_positions': 'str', 'signals_aggregated': 'str', 'original_sequence': 'str', 'original_p_gen': 'float'}",1da61fd4d92f4f80bc8fa9cbdc8e01b2.tsv
True,True,AIRR1,"{'p_gen': 'float', 'from_default_model': 'int', 'batch': 'int', 'batch_positions': 'str', 'disease': 'int', 'disease_positions': 'str', 'signals_aggregated': 'str', 'original_sequence': 'str', 'original_p_gen': 'float'}",560ee4f641164f39a0fff49873cc1b32.tsv
True,True,AIRR1,"{'p_gen': 'float', 'from_default_model': 'int', 'batch': 'int', 'batch_positions': 'str', 'disease': 'int', 'disease_positions': 'str', 'signals_aggregated': 'str', 'original_sequence': 'str', 'original_p_gen': 'float'}",a90437fb5074464bbe67fe7a753ccea0.tsv
True,True,AIRR1,"{'p_gen': 'float', 'from_default_model': 'int', 'batch': 'int', 'batch_positions': 'str', 'disease': 'int', 'disease_positions': 'str', 'signals_aggregated': 'str', 'original_sequence': 'str', 'original_p_gen': 'float'}",6c3ddae2b62f4f0eb1f6703e407898e2.tsv
True,True,AIRR1,"{'p_gen': 'float', 'from_default_model': 'int', 'batch': 'int', 'batch_positions': 'str', 'disease': 'int', 'disease_positions': 'str', 'signals_aggregated': 'str', 'original_sequence': 'str', 'original_p_gen': 'float'}",9d9bd45657c44c6494851e2ad820bc0d.tsv
True,True,AIRR1,"{'p_gen': 'float', 'from_default_model': 'int', 'batch': 'int', 'batch_positions': 'str', 'disease': 'int', 'disease_positions': 'str', 'signals_aggregated': 'str', 'original_sequence': 'str', 'original_p_gen': 'float'}",e12b20b8b22848a58c9b2a23da705155.tsv
True,True,AIRR1,"{'p_gen': 'float', 'from_default_model': 'int', 'batch': 'int', 'batch_positions': 'str', 'disease': 'int', 'disease_positions': 'str', 'signals_aggregated': 'str', 'original_sequence': 'str', 'original_p_gen': 'float'}",c732ed66682045faaf3f4f7f9bbc9ba6.tsv
True,True,AIRR1,"{'p_gen': 'float', 'from_default_model': 'int', 'batch': 'int', 'batch_positions': 'str', 'disease': 'int', 'disease_positions': 'str', 'signals_aggregated': 'str', 'original_sequence': 'str', 'original_p_gen': 'float'}",d2cef3624d13437285f42b52c099a1b8.tsv
True,True,AIRR1,"{'p_gen': 'float', 'from_default_model': 'int', 'batch': 'int', 'batch_positions': 'str', 'disease': 'int', 'disease_positions': 'str', 'signals_aggregated': 'str', 'original_sequence': 'str', 'original_p_gen': 'float'}",a34a26c619354973ac53255123066b77.tsv
True,True,AIRR1,"{'p_gen': 'float', 'from_default_model': 'int', 'batch': 'int', 'batch_positions': 'str', 'disease': 'int', 'disease_positions': 'str', 'signals_aggregated': 'str', 'original_sequence': 'str', 'original_p_gen': 'float'}",1417b340b293463695e2f1874cbd07b4.tsv
True,True,AIRR1,"{'p_gen': 'float', 'from_default_model': 'int', 'batch': 'int', 'batch_positions': 'str', 'disease': 'int', 'disease_positions': 'str', 'signals_aggregated': 'str', 'original_sequence': 'str', 'original_p_gen': 'float'}",1df38c12c312480caa447e957af0cd3b.tsv
True,True,AIRR1,"{'p_gen': 'float', 'from_default_model': 'int', 'batch': 'int', 'batch_positions': 'str', 'disease': 'int', 'disease_positions': 'str', 'signals_aggregated': 'str', 'original_sequence': 'str', 'original_p_gen': 'float'}",94eed2a967ea4cdb978b87e54e2b417d.tsv
True,True,AIRR1,"{'p_gen': 'float', 'from_default_model': 'int', 'batch': 'int', 'batch_positions': 'str', 'disease': 'int', 'disease_positions': 'str', 'signals_aggregated': 'str', 'original_sequence': 'str', 'original_p_gen': 'float'}",8be4c897929d4194848f85e9e763078b.tsv
True,True,AIRR1,"{'p_gen': 'float', 'from_default_model': 'int', 'batch': 'int', 'batch_positions': 'str', 'disease': 'int', 'disease_positions': 'str', 'signals_aggregated': 'str', 'original_sequence': 'str', 'original_p_gen': 'float'}",87b3d115000e4efb838d234501d7404a.tsv
True,True,AIRR1,"{'p_gen': 'float', 'from_default_model': 'int', 'batch': 'int', 'batch_positions': 'str', 'disease': 'int', 'disease_positions': 'str', 'signals_aggregated': 'str', 'original_sequence': 'str', 'original_p_gen': 'float'}",c2db9162764a4b78a1c2c2d71a8f401e.tsv
True,True,AIRR11,"{'p_gen': 'float', 'from_default_model': 'int', 'batch': 'int', 'batch_positions': 'str', 'disease': 'int', 'disease_positions': 'str', 'signals_aggregated': 'str', 'original_sequence': 'str', 'original_p_gen': 'float'}",bfa7c89c95a8463895ce7d7be5052c9b.tsv
True,True,AIRR11,"{'p_gen': 'float', 'from_default_model': 'int', 'batch': 'int', 'batch_positions': 'str', 'disease': 'int', 'disease_positions': 'str', 'signals_aggregated': 'str', 'original_sequence': 'str', 'original_p_gen': 'float'}",d9224640afad468d8c4d41f7b117e01f.tsv
True,True,AIRR11,"{'p_gen': 'float', 'from_default_model': 'int', 'batch': 'int', 'batch_positions': 'str', 'disease': 'int', 'disease_positions': 'str', 'signals_aggregated': 'str', 'original_sequence': 'str', 'original_p_gen': 'float'}",b1b56a85a8af424d83d5dfccff4f4550.tsv
True,True,AIRR11,"{'p_gen': 'float', 'from_default_model': 'int', 'batch': 'int', 'batch_positions': 'str', 'disease': 'int', 'disease_positions': 'str', 'signals_aggregated': 'str', 'original_sequence': 'str', 'original_p_gen': 'float'}",cb9b4d69418d4c48becca60375a497fc.tsv
True,True,AIRR11,"{'p_gen': 'float', 'from_default_model': 'int', 'batch': 'int', 'batch_positions': 'str', 'disease': 'int', 'disease_positions': 'str', 'signals_aggregated': 'str', 'original_sequence': 'str', 'original_p_gen': 'float'}",3e27488cd5194f599bd0ff5d0c805793.tsv
True,True,AIRR11,"{'p_gen': 'float', 'from_default_model': 'int', 'batch': 'int', 'batch_positions': 'str', 'disease': 'int', 'disease_positions': 'str', 'signals_aggregated': 'str', 'original_sequence': 'str', 'original_p_gen': 'float'}",fb20384eefb848c6b505f2f1c96fb7e2.tsv
True,True,AIRR11,"{'p_gen': 'float', 'from_default_model': 'int', 'batch': 'int', 'batch_positions': 'str', 'disease': 'int', 'disease_positions': 'str', 'signals_aggregated': 'str', 'original_sequence': 'str', 'original_p_gen': 'float'}",9698efe4950a4c4eb7910d6696b147ad.tsv
True,True,AIRR11,"{'p_gen': 'float', 'from_default_model': 'int', 'batch': 'int', 'batch_positions': 'str', 'disease': 'int', 'disease_positions': 'str', 'signals_aggregated': 'str', 'original_sequence': 'str', 'original_p_gen': 'float'}",4e4b5fd1167c4f49817c7d9171a39449.tsv
True,True,AIRR11,"{'p_gen': 'float', 'from_default_model': 'int', 'batch': 'int', 'batch_positions': 'str', 'disease': 'int', 'disease_positions': 'str', 'signals_aggregated': 'str', 'original_sequence': 'str', 'original_p_gen': 'float'}",99adad71cf8d46048edeca21b0284857.tsv
True,True,AIRR11,"{'p_gen': 'float', 'from_default_model': 'int', 'batch': 'int', 'batch_positions': 'str', 'disease': 'int', 'disease_positions': 'str', 'signals_aggregated': 'str', 'original_sequence': 'str', 'original_p_gen': 'float'}",625b89195de6449faaedc444189a7abb.tsv
True,True,AIRR11,"{'p_gen': 'float', 'from_default_model': 'int', 'batch': 'int', 'batch_positions': 'str', 'disease': 'int', 'disease_positions': 'str', 'signals_aggregated': 'str', 'original_sequence': 'str', 'original_p_gen': 'float'}",8ee1f3f9471b490ebc8f5d4e796d6e09.tsv
True,True,AIRR11,"{'p_gen': 'float', 'from_default_model': 'int', 'batch': 'int', 'batch_positions': 'str', 'disease': 'int', 'disease_positions': 'str', 'signals_aggregated': 'str', 'original_sequence': 'str', 'original_p_gen': 'float'}",41e0f5a5921d4ec888cf0faced6a26c7.tsv
True,True,AIRR11,"{'p_gen': 'float', 'from_default_model': 'int', 'batch': 'int', 'batch_positions': 'str', 'disease': 'int', 'disease_positions': 'str', 'signals_aggregated': 'str', 'original_sequence': 'str', 'original_p_gen': 'float'}",c128a101733e4547a8c8b7bfa18b4798.tsv
True,True,AIRR11,"{'p_gen': 'float', 'from_default_model': 'int', 'batch': 'int', 'batch_positions': 'str', 'disease': 'int', 'disease_positions': 'str', 'signals_aggregated': 'str', 'original_sequence': 'str', 'original_p_gen': 'float'}",e40d8e12988e4e75b8cc7be1061a1f30.tsv
True,True,AIRR11,"{'p_gen': 'float', 'from_default_model': 'int', 'batch': 'int', 'batch_positions': 'str', 'disease': 'int', 'disease_positions': 'str', 'signals_aggregated': 'str', 'original_sequence': 'str', 'original_p_gen': 'float'}",5524171a7a524be8b9f4a5a221c8b220.tsv
True,True,AIRR11,"{'p_gen': 'float', 'from_default_model': 'int', 'batch': 'int', 'batch_positions': 'str', 'disease': 'int', 'disease_positions': 'str', 'signals_aggregated': 'str', 'original_sequence': 'str', 'original_p_gen': 'float'}",eb227960afb844d38dc01fc9b20561fa.tsv
True,True,AIRR11,"{'p_gen': 'float', 'from_default_model': 'int', 'batch': 'int', 'batch_positions': 'str', 'disease': 'int', 'disease_positions': 'str', 'signals_aggregated': 'str', 'original_sequence': 'str', 'original_p_gen': 'float'}",d6dafeec4462444e9c0a2d40bc3daa82.tsv
True,True,AIRR11,"{'p_gen': 'float', 'from_default_model': 'int', 'batch': 'int', 'batch_positions': 'str', 'disease': 'int', 'disease_positions': 'str', 'signals_aggregated': 'str', 'original_sequence': 'str', 'original_p_gen': 'float'}",a9365dad8d2649ddb431b63154687296.tsv
True,True,AIRR11,"{'p_gen': 'float', 'from_default_model': 'int', 'batch': 'int', 'batch_positions': 'str', 'disease': 'int', 'disease_positions': 'str', 'signals_aggregated': 'str', 'original_sequence': 'str', 'original_p_gen': 'float'}",5a19980bb17243ab85e3759363e400d5.tsv
True,True,AIRR11,"{'p_gen': 'float', 'from_default_model': 'int', 'batch': 'int', 'batch_positions': 'str', 'disease': 'int', 'disease_positions': 'str', 'signals_aggregated': 'str', 'original_sequence': 'str', 'original_p_gen': 'float'}",8b4ba2b2531c47eeb026a87837e52ece.tsv
True,True,AIRR12,"{'p_gen': 'float', 'from_default_model': 'int', 'batch': 'int', 'batch_positions': 'str', 'disease': 'int', 'disease_positions': 'str', 'signals_aggregated': 'str', 'original_sequence': 'str', 'original_p_gen': 'float'}",452e0a3203d24d1b9bd5ac764b991308.tsv
True,True,AIRR12,"{'p_gen': 'float', 'from_default_model': 'int', 'batch': 'int', 'batch_positions': 'str', 'disease': 'int', 'disease_positions': 'str', 'signals_aggregated': 'str', 'original_sequence': 'str', 'original_p_gen': 'float'}",dea3af8dad8c4004b782bf89b0dd7606.tsv
True,True,AIRR12,"{'p_gen': 'float', 'from_default_model': 'int', 'batch': 'int', 'batch_positions': 'str', 'disease': 'int', 'disease_positions': 'str', 'signals_aggregated': 'str', 'original_sequence': 'str', 'original_p_gen': 'float'}",0f3021207e5e4b9d9d76d3f6f7f28d63.tsv
True,True,AIRR12,"{'p_gen': 'float', 'from_default_model': 'int', 'batch': 'int', 'batch_positions': 'str', 'disease': 'int', 'disease_positions': 'str', 'signals_aggregated': 'str', 'original_sequence': 'str', 'original_p_gen': 'float'}",48a8b5d1657348e08ce041abb838c333.tsv
True,True,AIRR12,"{'p_gen': 'float', 'from_default_model': 'int', 'batch': 'int', 'batch_positions': 'str', 'disease': 'int', 'disease_positions': 'str', 'signals_aggregated': 'str', 'original_sequence': 'str', 'original_p_gen': 'float'}",c2b3f9cce1094afb8c1863e9db852561.tsv
True,True,AIRR12,"{'p_gen': 'float', 'from_default_model': 'int', 'batch': 'int', 'batch_positions': 'str', 'disease': 'int', 'disease_positions': 'str', 'signals_aggregated': 'str', 'original_sequence': 'str', 'original_p_gen': 'float'}",754bdb94c9bc499a8f840cb621ff27e2.tsv
True,True,AIRR12,"{'p_gen': 'float', 'from_default_model': 'int', 'batch': 'int', 'batch_positions': 'str', 'disease': 'int', 'disease_positions': 'str', 'signals_aggregated': 'str', 'original_sequence': 'str', 'original_p_gen': 'float'}",c00fba8033ea402cb8fa8ab3b2f6441f.tsv
True,True,AIRR12,"{'p_gen': 'float', 'from_default_model': 'int', 'batch': 'int', 'batch_positions': 'str', 'disease': 'int', 'disease_positions': 'str', 'signals_aggregated': 'str', 'original_sequence': 'str', 'original_p_gen': 'float'}",8a9eca3e2a9442c4ad1c77d8cafa31d3.tsv
True,True,AIRR12,"{'p_gen': 'float', 'from_default_model': 'int', 'batch': 'int', 'batch_positions': 'str', 'disease': 'int', 'disease_positions': 'str', 'signals_aggregated': 'str', 'original_sequence': 'str', 'original_p_gen': 'float'}",3b362be8652f493685f4670049080498.tsv
True,True,AIRR12,"{'p_gen': 'float', 'from_default_model': 'int', 'batch': 'int', 'batch_positions': 'str', 'disease': 'int', 'disease_positions': 'str', 'signals_aggregated': 'str', 'original_sequence': 'str', 'original_p_gen': 'float'}",00557891c51941769e8e488036c2a98b.tsv
False,True,AIRR2,"{'p_gen': 'float', 'from_default_model': 'int', 'batch': 'int', 'batch_positions': 'str', 'disease': 'int', 'disease_positions': 'str', 'signals_aggregated': 'str', 'original_sequence': 'str', 'original_p_gen': 'float'}",81ba8d3719394739bc1a88ff7f710f0c.tsv
False,True,AIRR2,"{'p_gen': 'float', 'from_default_model': 'int', 'batch': 'int', 'batch_positions': 'str', 'disease': 'int', 'disease_positions': 'str', 'signals_aggregated': 'str', 'original_sequence': 'str', 'original_p_gen': 'float'}",15691db656084a0badc0c0ce9104a392.tsv
False,True,AIRR2,"{'p_gen': 'float', 'from_default_model': 'int', 'batch': 'int', 'batch_positions': 'str', 'disease': 'int', 'disease_positions': 'str', 'signals_aggregated': 'str', 'original_sequence': 'str', 'original_p_gen': 'float'}",1d3d8174a0c14d5181809b94b173cf41.tsv
False,True,AIRR2,"{'p_gen': 'float', 'from_default_model': 'int', 'batch': 'int', 'batch_positions': 'str', 'disease': 'int', 'disease_positions': 'str', 'signals_aggregated': 'str', 'original_sequence': 'str', 'original_p_gen': 'float'}",9346b4249eb84a34bed47756c8c9a942.tsv
False,True,AIRR2,"{'p_gen': 'float', 'from_default_model': 'int', 'batch': 'int', 'batch_positions': 'str', 'disease': 'int', 'disease_positions': 'str', 'signals_aggregated': 'str', 'original_sequence': 'str', 'original_p_gen': 'float'}",c2738eacab404aa7bc4ab10ec387f253.tsv
False,True,AIRR2,"{'p_gen': 'float', 'from_default_model': 'int', 'batch': 'int', 'batch_positions': 'str', 'disease': 'int', 'disease_positions': 'str', 'signals_aggregated': 'str', 'original_sequence': 'str', 'original_p_gen': 'float'}",08966b5ef76b47aa85bab62a4f7db98a.tsv
False,True,AIRR2,"{'p_gen': 'float', 'from_default_model': 'int', 'batch': 'int', 'batch_positions': 'str', 'disease': 'int', 'disease_positions': 'str', 'signals_aggregated': 'str', 'original_sequence': 'str', 'original_p_gen': 'float'}",74f95197ed6f47e7ac982d19b222b3c0.tsv
False,True,AIRR2,"{'p_gen': 'float', 'from_default_model': 'int', 'batch': 'int', 'batch_positions': 'str', 'disease': 'int', 'disease_positions': 'str', 'signals_aggregated': 'str', 'original_sequence': 'str', 'original_p_gen': 'float'}",9d05bb87bbb247f3b8e5900d53f239c3.tsv
False,True,AIRR2,"{'p_gen': 'float', 'from_default_model': 'int', 'batch': 'int', 'batch_positions': 'str', 'disease': 'int', 'disease_positions': 'str', 'signals_aggregated': 'str', 'original_sequence': 'str', 'original_p_gen': 'float'}",ac3a972c62d447f68832104cf76ab652.tsv
False,True,AIRR2,"{'p_gen': 'float', 'from_default_model': 'int', 'batch': 'int', 'batch_positions': 'str', 'disease': 'int', 'disease_positions': 'str', 'signals_aggregated': 'str', 'original_sequence': 'str', 'original_p_gen': 'float'}",a630c56902cb45ac957249c53f025ebe.tsv
False,True,AIRR2,"{'p_gen': 'float', 'from_default_model': 'int', 'batch': 'int', 'batch_positions': 'str', 'disease': 'int', 'disease_positions': 'str', 'signals_aggregated': 'str', 'original_sequence': 'str', 'original_p_gen': 'float'}",919fe6ceedec42b18fea54360f7a193a.tsv
False,True,AIRR2,"{'p_gen': 'float', 'from_default_model': 'int', 'batch': 'int', 'batch_positions': 'str', 'disease': 'int', 'disease_positions': 'str', 'signals_aggregated': 'str', 'original_sequence': 'str', 'original_p_gen': 'float'}",f6db7d5b25114694badbdd8f3239b869.tsv
False,True,AIRR2,"{'p_gen': 'float', 'from_default_model': 'int', 'batch': 'int', 'batch_positions': 'str', 'disease': 'int', 'disease_positions': 'str', 'signals_aggregated': 'str', 'original_sequence': 'str', 'original_p_gen': 'float'}",f07f71348c244dd5b75ebf3226fa1fea.tsv
False,True,AIRR2,"{'p_gen': 'float', 'from_default_model': 'int', 'batch': 'int', 'batch_positions': 'str', 'disease': 'int', 'disease_positions': 'str', 'signals_aggregated': 'str', 'original_sequence': 'str', 'original_p_gen': 'float'}",adfcf7f6609a45db9900a740e64c251e.tsv
False,True,AIRR2,"{'p_gen': 'float', 'from_default_model': 'int', 'batch': 'int', 'batch_positions': 'str', 'disease': 'int', 'disease_positions': 'str', 'signals_aggregated': 'str', 'original_sequence': 'str', 'original_p_gen': 'float'}",f66ad17d403744bf8967630f536613a3.tsv
False,True,AIRR21,"{'p_gen': 'float', 'from_default_model': 'int', 'batch': 'int', 'batch_positions': 'str', 'disease': 'int', 'disease_positions': 'str', 'signals_aggregated': 'str', 'original_sequence': 'str', 'original_p_gen': 'float'}",d970c6101de04b98b1d902c4bdaa2ca9.tsv
False,True,AIRR21,"{'p_gen': 'float', 'from_default_model': 'int', 'batch': 'int', 'batch_positions': 'str', 'disease': 'int', 'disease_positions': 'str', 'signals_aggregated': 'str', 'original_sequence': 'str', 'original_p_gen': 'float'}",110859f666424405a403018069b09fb7.tsv
False,True,AIRR21,"{'p_gen': 'float', 'from_default_model': 'int', 'batch': 'int', 'batch_positions': 'str', 'disease': 'int', 'disease_positions': 'str', 'signals_aggregated': 'str', 'original_sequence': 'str', 'original_p_gen': 'float'}",cedfc40c0c1c4e3bac1c41f9b6948e44.tsv
False,True,AIRR21,"{'p_gen': 'float', 'from_default_model': 'int', 'batch': 'int', 'batch_positions': 'str', 'disease': 'int', 'disease_positions': 'str', 'signals_aggregated': 'str', 'original_sequence': 'str', 'original_p_gen': 'float'}",429ce852935841acbf62b08568e5750d.tsv
False,True,AIRR21,"{'p_gen': 'float', 'from_default_model': 'int', 'batch': 'int', 'batch_positions': 'str', 'disease': 'int', 'disease_positions': 'str', 'signals_aggregated': 'str', 'original_sequence': 'str', 'original_p_gen': 'float'}",a9e2569009dc49a984ccebef017c2314.tsv
False,True,AIRR21,"{'p_gen': 'float', 'from_default_model': 'int', 'batch': 'int', 'batch_positions': 'str', 'disease': 'int', 'disease_positions': 'str', 'signals_aggregated': 'str', 'original_sequence': 'str', 'original_p_gen': 'float'}",9e9e129145164373857783b089ee3be3.tsv
False,True,AIRR21,"{'p_gen': 'float', 'from_default_model': 'int', 'batch': 'int', 'batch_positions': 'str', 'disease': 'int', 'disease_positions': 'str', 'signals_aggregated': 'str', 'original_sequence': 'str', 'original_p_gen': 'float'}",b19d59b24b3840acb5bb994e9bf231bb.tsv
False,True,AIRR21,"{'p_gen': 'float', 'from_default_model': 'int', 'batch': 'int', 'batch_positions': 'str', 'disease': 'int', 'disease_positions': 'str', 'signals_aggregated': 'str', 'original_sequence': 'str', 'original_p_gen': 'float'}",c4ff7ff3b8b84a78ba9fc9d616cdb991.tsv
False,True,AIRR21,"{'p_gen': 'float', 'from_default_model': 'int', 'batch': 'int', 'batch_positions': 'str', 'disease': 'int', 'disease_positions': 'str', 'signals_aggregated': 'str', 'original_sequence': 'str', 'original_p_gen': 'float'}",a724a306961442328b01b5f16da634b3.tsv
False,True,AIRR21,"{'p_gen': 'float', 'from_default_model': 'int', 'batch': 'int', 'batch_positions': 'str', 'disease': 'int', 'disease_positions': 'str', 'signals_aggregated': 'str', 'original_sequence': 'str', 'original_p_gen': 'float'}",762612ff9e73472582326fb1d6202c63.tsv
False,True,AIRR21,"{'p_gen': 'float', 'from_default_model': 'int', 'batch': 'int', 'batch_positions': 'str', 'disease': 'int', 'disease_positions': 'str', 'signals_aggregated': 'str', 'original_sequence': 'str', 'original_p_gen': 'float'}",bd6634d705ba460c87f975ebd68c637f.tsv
False,True,AIRR21,"{'p_gen': 'float', 'from_default_model': 'int', 'batch': 'int', 'batch_positions': 'str', 'disease': 'int', 'disease_positions': 'str', 'signals_aggregated': 'str', 'original_sequence': 'str', 'original_p_gen': 'float'}",620cf8345b50411c951e87b15cec4df9.tsv
False,True,AIRR21,"{'p_gen': 'float', 'from_default_model': 'int', 'batch': 'int', 'batch_positions': 'str', 'disease': 'int', 'disease_positions': 'str', 'signals_aggregated': 'str', 'original_sequence': 'str', 'original_p_gen': 'float'}",b7a8f8c97fc849098dd9a6b18fd18837.tsv
False,True,AIRR21,"{'p_gen': 'float', 'from_default_model': 'int', 'batch': 'int', 'batch_positions': 'str', 'disease': 'int', 'disease_positions': 'str', 'signals_aggregated': 'str', 'original_sequence': 'str', 'original_p_gen': 'float'}",7b52e77588d140a888d104831ad28a72.tsv
False,True,AIRR21,"{'p_gen': 'float', 'from_default_model': 'int', 'batch': 'int', 'batch_positions': 'str', 'disease': 'int', 'disease_positions': 'str', 'signals_aggregated': 'str', 'original_sequence': 'str', 'original_p_gen': 'float'}",924f69ad032948cc999226e99c6ff175.tsv
False,True,AIRR21,"{'p_gen': 'float', 'from_default_model': 'int', 'batch': 'int', 'batch_positions': 'str', 'disease': 'int', 'disease_positions': 'str', 'signals_aggregated': 'str', 'original_sequence': 'str', 'original_p_gen': 'float'}",fa89c945ff704cbe85312b6c4433f761.tsv
False,True,AIRR21,"{'p_gen': 'float', 'from_default_model': 'int', 'batch': 'int', 'batch_positions': 'str', 'disease': 'int', 'disease_positions': 'str', 'signals_aggregated': 'str', 'original_sequence': 'str', 'original_p_gen': 'float'}",42506c5233d34e4684f2e358137fa7ee.tsv
False,True,AIRR21,"{'p_gen': 'float', 'from_default_model': 'int', 'batch': 'int', 'batch_positions': 'str', 'disease': 'int', 'disease_positions': 'str', 'signals_aggregated': 'str', 'original_sequence': 'str', 'original_p_gen': 'float'}",1be64e419fb44b1ca1433b9189a04c13.tsv
False,True,AIRR21,"{'p_gen': 'float', 'from_default_model': 'int', 'batch': 'int', 'batch_positions': 'str', 'disease': 'int', 'disease_positions': 'str', 'signals_aggregated': 'str', 'original_sequence': 'str', 'original_p_gen': 'float'}",4f0b5352717d454cb4c97315a7410237.tsv
False,True,AIRR21,"{'p_gen': 'float', 'from_default_model': 'int', 'batch': 'int', 'batch_positions': 'str', 'disease': 'int', 'disease_positions': 'str', 'signals_aggregated': 'str', 'original_sequence': 'str', 'original_p_gen': 'float'}",27cf55a298474e3e8c1bfafc6973ff9d.tsv
False,True,AIRR21,"{'p_gen': 'float', 'from_default_model': 'int', 'batch': 'int', 'batch_positions': 'str', 'disease': 'int', 'disease_positions': 'str', 'signals_aggregated': 'str', 'original_sequence': 'str', 'original_p_gen': 'float'}",5da7935d600d4581837f1af98bd64e41.tsv
False,True,AIRR21,"{'p_gen': 'float', 'from_default_model': 'int', 'batch': 'int', 'batch_positions': 'str', 'disease': 'int', 'disease_positions': 'str', 'signals_aggregated': 'str', 'original_sequence': 'str', 'original_p_gen': 'float'}",154a5caae6de4338957fc0ad5019262a.tsv
False,True,AIRR21,"{'p_gen': 'float', 'from_default_model': 'int', 'batch': 'int', 'batch_positions': 'str', 'disease': 'int', 'disease_positions': 'str', 'signals_aggregated': 'str', 'original_sequence': 'str', 'original_p_gen': 'float'}",167e8f94b9c94981a73228822de00d9e.tsv
False,True,AIRR21,"{'p_gen': 'float', 'from_default_model': 'int', 'batch': 'int', 'batch_positions': 'str', 'disease': 'int', 'disease_positions': 'str', 'signals_aggregated': 'str', 'original_sequence': 'str', 'original_p_gen': 'float'}",34dfa98b36ec49f3950955367e08d4bb.tsv
False,True,AIRR21,"{'p_gen': 'float', 'from_default_model': 'int', 'batch': 'int', 'batch_positions': 'str', 'disease': 'int', 'disease_positions': 'str', 'signals_aggregated': 'str', 'original_sequence': 'str', 'original_p_gen': 'float'}",f4a8c41477e647f6b198c6cf7dbd5144.tsv
False,True,AIRR22,"{'p_gen': 'float', 'from_default_model': 'int', 'batch': 'int', 'batch_positions': 'str', 'disease': 'int', 'disease_positions': 'str', 'signals_aggregated': 'str', 'original_sequence': 'str', 'original_p_gen': 'float'}",cc17dc7ed69c4549b8ce597a5e3772e2.tsv
False,True,AIRR22,"{'p_gen': 'float', 'from_default_model': 'int', 'batch': 'int', 'batch_positions': 'str', 'disease': 'int', 'disease_positions': 'str', 'signals_aggregated': 'str', 'original_sequence': 'str', 'original_p_gen': 'float'}",cbc5b394a80b418493aa9fa2998a2f9b.tsv
False,True,AIRR22,"{'p_gen': 'float', 'from_default_model': 'int', 'batch': 'int', 'batch_positions': 'str', 'disease': 'int', 'disease_positions': 'str', 'signals_aggregated': 'str', 'original_sequence': 'str', 'original_p_gen': 'float'}",bf33ff0d96ca46a0bc0300d3fc1ac441.tsv
False,True,AIRR22,"{'p_gen': 'float', 'from_default_model': 'int', 'batch': 'int', 'batch_positions': 'str', 'disease': 'int', 'disease_positions': 'str', 'signals_aggregated': 'str', 'original_sequence': 'str', 'original_p_gen': 'float'}",daade07d1f6c4d09b35323d655d1a95f.tsv
False,True,AIRR22,"{'p_gen': 'float', 'from_default_model': 'int', 'batch': 'int', 'batch_positions': 'str', 'disease': 'int', 'disease_positions': 'str', 'signals_aggregated': 'str', 'original_sequence': 'str', 'original_p_gen': 'float'}",e60a64347ce348dfa3d4f3d774a65b77.tsv
False,True,AIRR22,"{'p_gen': 'float', 'from_default_model': 'int', 'batch': 'int', 'batch_positions': 'str', 'disease': 'int', 'disease_positions': 'str', 'signals_aggregated': 'str', 'original_sequence': 'str', 'original_p_gen': 'float'}",9fe7302926674d55813853041ef7aeb9.tsv
False,True,AIRR22,"{'p_gen': 'float', 'from_default_model': 'int', 'batch': 'int', 'batch_positions': 'str', 'disease': 'int', 'disease_positions': 'str', 'signals_aggregated': 'str', 'original_sequence': 'str', 'original_p_gen': 'float'}",a1c199110e904034ab8eec74c176bf8d.tsv
False,True,AIRR22,"{'p_gen': 'float', 'from_default_model': 'int', 'batch': 'int', 'batch_positions': 'str', 'disease': 'int', 'disease_positions': 'str', 'signals_aggregated': 'str', 'original_sequence': 'str', 'original_p_gen': 'float'}",cd1d11d6c4a74c858d3986e4a053a2dd.tsv
False,True,AIRR22,"{'p_gen': 'float', 'from_default_model': 'int', 'batch': 'int', 'batch_positions': 'str', 'disease': 'int', 'disease_positions': 'str', 'signals_aggregated': 'str', 'original_sequence': 'str', 'original_p_gen': 'float'}",d881042048fc401b9ea5ab2ac9ae5e5a.tsv
False,True,AIRR22,"{'p_gen': 'float', 'from_default_model': 'int', 'batch': 'int', 'batch_positions': 'str', 'disease': 'int', 'disease_positions': 'str', 'signals_aggregated': 'str', 'original_sequence': 'str', 'original_p_gen': 'float'}",23236c5222b14e30bb5e38459c149a53.tsv
False,False,AIRR3,"{'p_gen': 'float', 'from_default_model': 'int', 'batch': 'int', 'batch_positions': 'str', 'disease': 'int', 'disease_positions': 'str', 'signals_aggregated': 'str', 'original_sequence': 'str', 'original_p_gen': 'float'}",65751f4ee0484b87af4b83f0f836c31b.tsv
False,False,AIRR3,"{'p_gen': 'float', 'from_default_model': 'int', 'batch': 'int', 'batch_positions': 'str', 'disease': 'int', 'disease_positions': 'str', 'signals_aggregated': 'str', 'original_sequence': 'str', 'original_p_gen': 'float'}",806544ffc83844fbac1195c449f24077.tsv
False,False,AIRR3,"{'p_gen': 'float', 'from_default_model': 'int', 'batch': 'int', 'batch_positions': 'str', 'disease': 'int', 'disease_positions': 'str', 'signals_aggregated': 'str', 'original_sequence': 'str', 'original_p_gen': 'float'}",bdc23f9701e349c4b73b1caaa1def0c7.tsv
False,False,AIRR3,"{'p_gen': 'float', 'from_default_model': 'int', 'batch': 'int', 'batch_positions': 'str', 'disease': 'int', 'disease_positions': 'str', 'signals_aggregated': 'str', 'original_sequence': 'str', 'original_p_gen': 'float'}",00b019a6d61846dca1a2baded7a5167f.tsv
False,False,AIRR3,"{'p_gen': 'float', 'from_default_model': 'int', 'batch': 'int', 'batch_positions': 'str', 'disease': 'int', 'disease_positions': 'str', 'signals_aggregated': 'str', 'original_sequence': 'str', 'original_p_gen': 'float'}",7a1c4eebb5b34e2e952bf253cfb18177.tsv
False,False,AIRR3,"{'p_gen': 'float', 'from_default_model': 'int', 'batch': 'int', 'batch_positions': 'str', 'disease': 'int', 'disease_positions': 'str', 'signals_aggregated': 'str', 'original_sequence': 'str', 'original_p_gen': 'float'}",736f9ba6c64a413d82ce5f7401896593.tsv
False,False,AIRR3,"{'p_gen': 'float', 'from_default_model': 'int', 'batch': 'int', 'batch_positions': 'str', 'disease': 'int', 'disease_positions': 'str', 'signals_aggregated': 'str', 'original_sequence': 'str', 'original_p_gen': 'float'}",e5d3efc1d6e14189b867a2a47b377259.tsv
False,False,AIRR3,"{'p_gen': 'float', 'from_default_model': 'int', 'batch': 'int', 'batch_positions': 'str', 'disease': 'int', 'disease_positions': 'str', 'signals_aggregated': 'str', 'original_sequence': 'str', 'original_p_gen': 'float'}",8a470e462e3943429d00d8602d2106e7.tsv
False,False,AIRR3,"{'p_gen': 'float', 'from_default_model': 'int', 'batch': 'int', 'batch_positions': 'str', 'disease': 'int', 'disease_positions': 'str', 'signals_aggregated': 'str', 'original_sequence': 'str', 'original_p_gen': 'float'}",9a702832cf6b46ab90562835e8b64613.tsv
False,False,AIRR3,"{'p_gen': 'float', 'from_default_model': 'int', 'batch': 'int', 'batch_positions': 'str', 'disease': 'int', 'disease_positions': 'str', 'signals_aggregated': 'str', 'original_sequence': 'str', 'original_p_gen': 'float'}",1d07cf65ec2b4dd1872427ba3e9fcd9a.tsv
False,False,AIRR31,"{'p_gen': 'float', 'from_default_model': 'int', 'batch': 'int', 'batch_positions': 'str', 'disease': 'int', 'disease_positions': 'str', 'signals_aggregated': 'str', 'original_sequence': 'str', 'original_p_gen': 'float'}",7e16e907148140f8a39d110cd9d7ea0d.tsv
False,False,AIRR31,"{'p_gen': 'float', 'from_default_model': 'int', 'batch': 'int', 'batch_positions': 'str', 'disease': 'int', 'disease_positions': 'str', 'signals_aggregated': 'str', 'original_sequence': 'str', 'original_p_gen': 'float'}",8b0afca5c74d47969586aa4e5f8c6d74.tsv
False,False,AIRR31,"{'p_gen': 'float', 'from_default_model': 'int', 'batch': 'int', 'batch_positions': 'str', 'disease': 'int', 'disease_positions': 'str', 'signals_aggregated': 'str', 'original_sequence': 'str', 'original_p_gen': 'float'}",dc4166e079334263a39e321595d6c7a0.tsv
False,False,AIRR31,"{'p_gen': 'float', 'from_default_model': 'int', 'batch': 'int', 'batch_positions': 'str', 'disease': 'int', 'disease_positions': 'str', 'signals_aggregated': 'str', 'original_sequence': 'str', 'original_p_gen': 'float'}",66b79b4595264c97ae34b6664ec0c7a1.tsv
False,False,AIRR31,"{'p_gen': 'float', 'from_default_model': 'int', 'batch': 'int', 'batch_positions': 'str', 'disease': 'int', 'disease_positions': 'str', 'signals_aggregated': 'str', 'original_sequence': 'str', 'original_p_gen': 'float'}",3db2426df0534a9eb44e96da2b36b365.tsv
False,False,AIRR31,"{'p_gen': 'float', 'from_default_model': 'int', 'batch': 'int', 'batch_positions': 'str', 'disease': 'int', 'disease_positions': 'str', 'signals_aggregated': 'str', 'original_sequence': 'str', 'original_p_gen': 'float'}",eab7b82396444d4d898629ec39a20107.tsv
False,False,AIRR31,"{'p_gen': 'float', 'from_default_model': 'int', 'batch': 'int', 'batch_positions': 'str', 'disease': 'int', 'disease_positions': 'str', 'signals_aggregated': 'str', 'original_sequence': 'str', 'original_p_gen': 'float'}",f36fe6d06979439789691c466d523e7b.tsv
False,False,AIRR31,"{'p_gen': 'float', 'from_default_model': 'int', 'batch': 'int', 'batch_positions': 'str', 'disease': 'int', 'disease_positions': 'str', 'signals_aggregated': 'str', 'original_sequence': 'str', 'original_p_gen': 'float'}",b9ee27438486451892d52b12dadf2bb7.tsv
False,False,AIRR31,"{'p_gen': 'float', 'from_default_model': 'int', 'batch': 'int', 'batch_positions': 'str', 'disease': 'int', 'disease_positions': 'str', 'signals_aggregated': 'str', 'original_sequence': 'str', 'original_p_gen': 'float'}",723b8f51979d41908a22d8d37080125e.tsv
False,False,AIRR31,"{'p_gen': 'float', 'from_default_model': 'int', 'batch': 'int', 'batch_positions': 'str', 'disease': 'int', 'disease_positions': 'str', 'signals_aggregated': 'str', 'original_sequence': 'str', 'original_p_gen': 'float'}",61755d4ee30145b4a9a30acf75bd5162.tsv
False,False,AIRR31,"{'p_gen': 'float', 'from_default_model': 'int', 'batch': 'int', 'batch_positions': 'str', 'disease': 'int', 'disease_positions': 'str', 'signals_aggregated': 'str', 'original_sequence': 'str', 'original_p_gen': 'float'}",f681ae090a9a4a6b9bc35c9070e05d3c.tsv
False,False,AIRR31,"{'p_gen': 'float', 'from_default_model': 'int', 'batch': 'int', 'batch_positions': 'str', 'disease': 'int', 'disease_positions': 'str', 'signals_aggregated': 'str', 'original_sequence': 'str', 'original_p_gen': 'float'}",3023d36584ff4f8aa1a100fd42864ef0.tsv
False,False,AIRR31,"{'p_gen': 'float', 'from_default_model': 'int', 'batch': 'int', 'batch_positions': 'str', 'disease': 'int', 'disease_positions': 'str', 'signals_aggregated': 'str', 'original_sequence': 'str', 'original_p_gen': 'float'}",b2b7434f777e4c0e9c61121883529caf.tsv
False,False,AIRR31,"{'p_gen': 'float', 'from_default_model': 'int', 'batch': 'int', 'batch_positions': 'str', 'disease': 'int', 'disease_positions': 'str', 'signals_aggregated': 'str', 'original_sequence': 'str', 'original_p_gen': 'float'}",c4d21826fd20447f9bbe8fc60d59feec.tsv
False,False,AIRR31,"{'p_gen': 'float', 'from_default_model': 'int', 'batch': 'int', 'batch_positions': 'str', 'disease': 'int', 'disease_positions': 'str', 'signals_aggregated': 'str', 'original_sequence': 'str', 'original_p_gen': 'float'}",d2b0c68a2c434b84a4de0e0a472d1b45.tsv
False,False,AIRR31,"{'p_gen': 'float', 'from_default_model': 'int', 'batch': 'int', 'batch_positions': 'str', 'disease': 'int', 'disease_positions': 'str', 'signals_aggregated': 'str', 'original_sequence': 'str', 'original_p_gen': 'float'}",93f9eded52184a7fb934c8d2eed3d0b8.tsv
False,False,AIRR31,"{'p_gen': 'float', 'from_default_model': 'int', 'batch': 'int', 'batch_positions': 'str', 'disease': 'int', 'disease_positions': 'str', 'signals_aggregated': 'str', 'original_sequence': 'str', 'original_p_gen': 'float'}",7baabd843fc941f2850bafbebfae5f44.tsv
False,False,AIRR31,"{'p_gen': 'float', 'from_default_model': 'int', 'batch': 'int', 'batch_positions': 'str', 'disease': 'int', 'disease_positions': 'str', 'signals_aggregated': 'str', 'original_sequence': 'str', 'original_p_gen': 'float'}",de0e1d7ae59148c5a2ff1ea18bb2078d.tsv
False,False,AIRR31,"{'p_gen': 'float', 'from_default_model': 'int', 'batch': 'int', 'batch_positions': 'str', 'disease': 'int', 'disease_positions': 'str', 'signals_aggregated': 'str', 'original_sequence': 'str', 'original_p_gen': 'float'}",1f9e2feae36941d289731de5e2ccfdbe.tsv
False,False,AIRR31,"{'p_gen': 'float', 'from_default_model': 'int', 'batch': 'int', 'batch_positions': 'str', 'disease': 'int', 'disease_positions': 'str', 'signals_aggregated': 'str', 'original_sequence': 'str', 'original_p_gen': 'float'}",b5c4c0be1d5647c98457e60f21fcaab1.tsv
False,False,AIRR32,"{'p_gen': 'float', 'from_default_model': 'int', 'batch': 'int', 'batch_positions': 'str', 'disease': 'int', 'disease_positions': 'str', 'signals_aggregated': 'str', 'original_sequence': 'str', 'original_p_gen': 'float'}",3a4c08bb32994bf3864cae1aac917f09.tsv
False,False,AIRR32,"{'p_gen': 'float', 'from_default_model': 'int', 'batch': 'int', 'batch_positions': 'str', 'disease': 'int', 'disease_positions': 'str', 'signals_aggregated': 'str', 'original_sequence': 'str', 'original_p_gen': 'float'}",b4aaed36f3d84c879308fa6bf024a0a7.tsv
False,False,AIRR32,"{'p_gen': 'float', 'from_default_model': 'int', 'batch': 'int', 'batch_positions': 'str', 'disease': 'int', 'disease_positions': 'str', 'signals_aggregated': 'str', 'original_sequence': 'str', 'original_p_gen': 'float'}",0f6ec667793a4db698dfd8f25c5bbbb2.tsv
False,False,AIRR32,"{'p_gen': 'float', 'from_default_model': 'int', 'batch': 'int', 'batch_positions': 'str', 'disease': 'int', 'disease_positions': 'str', 'signals_aggregated': 'str', 'original_sequence': 'str', 'original_p_gen': 'float'}",f6107bd5527a4d748fed4e55f4faebc7.tsv
False,False,AIRR32,"{'p_gen': 'float', 'from_default_model': 'int', 'batch': 'int', 'batch_positions': 'str', 'disease': 'int', 'disease_positions': 'str', 'signals_aggregated': 'str', 'original_sequence': 'str', 'original_p_gen': 'float'}",ddb84197aa144254be830be3daac4fec.tsv
False,False,AIRR32,"{'p_gen': 'float', 'from_default_model': 'int', 'batch': 'int', 'batch_positions': 'str', 'disease': 'int', 'disease_positions': 'str', 'signals_aggregated': 'str', 'original_sequence': 'str', 'original_p_gen': 'float'}",bbc0e96149914c3f990ead32397b902b.tsv
False,False,AIRR32,"{'p_gen': 'float', 'from_default_model': 'int', 'batch': 'int', 'batch_positions': 'str', 'disease': 'int', 'disease_positions': 'str', 'signals_aggregated': 'str', 'original_sequence': 'str', 'original_p_gen': 'float'}",0e4e3f4bfb564c74b5213f9b8f3cb643.tsv
False,False,AIRR32,"{'p_gen': 'float', 'from_default_model': 'int', 'batch': 'int', 'batch_positions': 'str', 'disease': 'int', 'disease_positions': 'str', 'signals_aggregated': 'str', 'original_sequence': 'str', 'original_p_gen': 'float'}",04a35f69d0d0407d877fbd64fc330192.tsv
False,False,AIRR32,"{'p_gen': 'float', 'from_default_model': 'int', 'batch': 'int', 'batch_positions': 'str', 'disease': 'int', 'disease_positions': 'str', 'signals_aggregated': 'str', 'original_sequence': 'str', 'original_p_gen': 'float'}",bc72b929edcf41d29f4953ae2c2164b2.tsv
False,False,AIRR32,"{'p_gen': 'float', 'from_default_model': 'int', 'batch': 'int', 'batch_positions': 'str', 'disease': 'int', 'disease_positions': 'str', 'signals_aggregated': 'str', 'original_sequence': 'str', 'original_p_gen': 'float'}",5825285eec574285b6e45038ba571f3a.tsv
False,False,AIRR32,"{'p_gen': 'float', 'from_default_model': 'int', 'batch': 'int', 'batch_positions': 'str', 'disease': 'int', 'disease_positions': 'str', 'signals_aggregated': 'str', 'original_sequence': 'str', 'original_p_gen': 'float'}",f37d2e2efbcc46b0a90ad20b6815f952.tsv
False,False,AIRR32,"{'p_gen': 'float', 'from_default_model': 'int', 'batch': 'int', 'batch_positions': 'str', 'disease': 'int', 'disease_positions': 'str', 'signals_aggregated': 'str', 'original_sequence': 'str', 'original_p_gen': 'float'}",969b74e97a264b59968a6f0ae127c2a5.tsv
False,False,AIRR32,"{'p_gen': 'float', 'from_default_model': 'int', 'batch': 'int', 'batch_positions': 'str', 'disease': 'int', 'disease_positions': 'str', 'signals_aggregated': 'str', 'original_sequence': 'str', 'original_p_gen': 'float'}",c913b967ab4f40c4b5a216d9c486f200.tsv
False,False,AIRR32,"{'p_gen': 'float', 'from_default_model': 'int', 'batch': 'int', 'batch_positions': 'str', 'disease': 'int', 'disease_positions': 'str', 'signals_aggregated': 'str', 'original_sequence': 'str', 'original_p_gen': 'float'}",d4cc561f333544b5aa2aa5146d0369cc.tsv
False,False,AIRR32,"{'p_gen': 'float', 'from_default_model': 'int', 'batch': 'int', 'batch_positions': 'str', 'disease': 'int', 'disease_positions': 'str', 'signals_aggregated': 'str', 'original_sequence': 'str', 'original_p_gen': 'float'}",f817172a3dfc4406bb2a8e8dfaf8a046.tsv
False,False,AIRR32,"{'p_gen': 'float', 'from_default_model': 'int', 'batch': 'int', 'batch_positions': 'str', 'disease': 'int', 'disease_positions': 'str', 'signals_aggregated': 'str', 'original_sequence': 'str', 'original_p_gen': 'float'}",1520b7b3be9c454ca117c9eeba4d00d5.tsv
False,False,AIRR32,"{'p_gen': 'float', 'from_default_model': 'int', 'batch': 'int', 'batch_positions': 'str', 'disease': 'int', 'disease_positions': 'str', 'signals_aggregated': 'str', 'original_sequence': 'str', 'original_p_gen': 'float'}",0fcad1d666de4b7796e4d07cb6f0ce06.tsv
False,False,AIRR32,"{'p_gen': 'float', 'from_default_model': 'int', 'batch': 'int', 'batch_positions': 'str', 'disease': 'int', 'disease_positions': 'str', 'signals_aggregated': 'str', 'original_sequence': 'str', 'original_p_gen': 'float'}",e8989d88b80243d484e32214ef9379c7.tsv
False,False,AIRR32,"{'p_gen': 'float', 'from_default_model': 'int', 'batch': 'int', 'batch_positions': 'str', 'disease': 'int', 'disease_positions': 'str', 'signals_aggregated': 'str', 'original_sequence': 'str', 'original_p_gen': 'float'}",3282ff5cdd1a4f8394ca5d6806df9104.tsv
False,False,AIRR32,"{'p_gen': 'float', 'from_default_model': 'int', 'batch': 'int', 'batch_positions': 'str', 'disease': 'int', 'disease_positions': 'str', 'signals_aggregated': 'str', 'original_sequence': 'str', 'original_p_gen': 'float'}",c1d060a4a1394ef8b139b3b2be350215.tsv
True,False,AIRR4,"{'p_gen': 'float', 'from_default_model': 'int', 'batch': 'int', 'batch_positions': 'str', 'disease': 'int', 'disease_positions': 'str', 'signals_aggregated': 'str', 'original_sequence': 'str', 'original_p_gen': 'float'}",30ad52992cd94c3eaff7b5ffb2fe7f8f.tsv
True,False,AIRR4,"{'p_gen': 'float', 'from_default_model': 'int', 'batch': 'int', 'batch_positions': 'str', 'disease': 'int', 'disease_positions': 'str', 'signals_aggregated': 'str', 'original_sequence': 'str', 'original_p_gen': 'float'}",bafee8ea7ca242959e7afa3412c4ce7b.tsv
True,False,AIRR4,"{'p_gen': 'float', 'from_default_model': 'int', 'batch': 'int', 'batch_positions': 'str', 'disease': 'int', 'disease_positions': 'str', 'signals_aggregated': 'str', 'original_sequence': 'str', 'original_p_gen': 'float'}",faac60f0e5144ff5a75c83aa763f393a.tsv
True,False,AIRR4,"{'p_gen': 'float', 'from_default_model': 'int', 'batch': 'int', 'batch_positions': 'str', 'disease': 'int', 'disease_positions': 'str', 'signals_aggregated': 'str', 'original_sequence': 'str', 'original_p_gen': 'float'}",b67b0f6d0c894a4fb8d15ded77e8f005.tsv
True,False,AIRR4,"{'p_gen': 'float', 'from_default_model': 'int', 'batch': 'int', 'batch_positions': 'str', 'disease': 'int', 'disease_positions': 'str', 'signals_aggregated': 'str', 'original_sequence': 'str', 'original_p_gen': 'float'}",2f7e7585b2074fbabdccf9bc944df2dc.tsv
True,False,AIRR4,"{'p_gen': 'float', 'from_default_model': 'int', 'batch': 'int', 'batch_positions': 'str', 'disease': 'int', 'disease_positions': 'str', 'signals_aggregated': 'str', 'original_sequence': 'str', 'original_p_gen': 'float'}",c091f4295c1c4dfeb7ccd488f8d940c6.tsv
True,False,AIRR4,"{'p_gen': 'float', 'from_default_model': 'int', 'batch': 'int', 'batch_positions': 'str', 'disease': 'int', 'disease_positions': 'str', 'signals_aggregated': 'str', 'original_sequence': 'str', 'original_p_gen': 'float'}",3956d5a63905461fa4965b1eee61b733.tsv
True,False,AIRR4,"{'p_gen': 'float', 'from_default_model': 'int', 'batch': 'int', 'batch_positions': 'str', 'disease': 'int', 'disease_positions': 'str', 'signals_aggregated': 'str', 'original_sequence': 'str', 'original_p_gen': 'float'}",459132289cf94713b5fc9d65cdcf1e84.tsv
True,False,AIRR4,"{'p_gen': 'float', 'from_default_model': 'int', 'batch': 'int', 'batch_positions': 'str', 'disease': 'int', 'disease_positions': 'str', 'signals_aggregated': 'str', 'original_sequence': 'str', 'original_p_gen': 'float'}",5aee3777294b4c2196a9f1bd04d4d3f0.tsv
True,False,AIRR4,"{'p_gen': 'float', 'from_default_model': 'int', 'batch': 'int', 'batch_positions': 'str', 'disease': 'int', 'disease_positions': 'str', 'signals_aggregated': 'str', 'original_sequence': 'str', 'original_p_gen': 'float'}",09187a0a83f247cf87faa6449843a164.tsv
True,False,AIRR4,"{'p_gen': 'float', 'from_default_model': 'int', 'batch': 'int', 'batch_positions': 'str', 'disease': 'int', 'disease_positions': 'str', 'signals_aggregated': 'str', 'original_sequence': 'str', 'original_p_gen': 'float'}",c69c3c25935446e0b5543c50236c1c54.tsv
True,False,AIRR4,"{'p_gen': 'float', 'from_default_model': 'int', 'batch': 'int', 'batch_positions': 'str', 'disease': 'int', 'disease_positions': 'str', 'signals_aggregated': 'str', 'original_sequence': 'str', 'original_p_gen': 'float'}",e8d3d3aedd514c30b4196129989b083c.tsv
True,False,AIRR4,"{'p_gen': 'float', 'from_default_model': 'int', 'batch': 'int', 'batch_positions': 'str', 'disease': 'int', 'disease_positions': 'str', 'signals_aggregated': 'str', 'original_sequence': 'str', 'original_p_gen': 'float'}",7f0a1aaf736145c29e4f12411984bcb1.tsv
True,False,AIRR4,"{'p_gen': 'float', 'from_default_model': 'int', 'batch': 'int', 'batch_positions': 'str', 'disease': 'int', 'disease_positions': 'str', 'signals_aggregated': 'str', 'original_sequence': 'str', 'original_p_gen': 'float'}",d8bf59d5834241d69dd0cacaa37761a0.tsv
True,False,AIRR4,"{'p_gen': 'float', 'from_default_model': 'int', 'batch': 'int', 'batch_positions': 'str', 'disease': 'int', 'disease_positions': 'str', 'signals_aggregated': 'str', 'original_sequence': 'str', 'original_p_gen': 'float'}",54c53a0fba9e4c779715b4df1f3ed7fc.tsv
True,False,AIRR4,"{'p_gen': 'float', 'from_default_model': 'int', 'batch': 'int', 'batch_positions': 'str', 'disease': 'int', 'disease_positions': 'str', 'signals_aggregated': 'str', 'original_sequence': 'str', 'original_p_gen': 'float'}",6b2379a3e3cf405d8468ac6820f6613d.tsv
True,False,AIRR4,"{'p_gen': 'float', 'from_default_model': 'int', 'batch': 'int', 'batch_positions': 'str', 'disease': 'int', 'disease_positions': 'str', 'signals_aggregated': 'str', 'original_sequence': 'str', 'original_p_gen': 'float'}",c5d86668f90a4fb6a20ac860e0a0163c.tsv
True,False,AIRR4,"{'p_gen': 'float', 'from_default_model': 'int', 'batch': 'int', 'batch_positions': 'str', 'disease': 'int', 'disease_positions': 'str', 'signals_aggregated': 'str', 'original_sequence': 'str', 'original_p_gen': 'float'}",285f7a123f63423f86e02b4c2f27b964.tsv
True,False,AIRR4,"{'p_gen': 'float', 'from_default_model': 'int', 'batch': 'int', 'batch_positions': 'str', 'disease': 'int', 'disease_positions': 'str', 'signals_aggregated': 'str', 'original_sequence': 'str', 'original_p_gen': 'float'}",3052710a810c4a8081856f4365ace80c.tsv
True,False,AIRR4,"{'p_gen': 'float', 'from_default_model': 'int', 'batch': 'int', 'batch_positions': 'str', 'disease': 'int', 'disease_positions': 'str', 'signals_aggregated': 'str', 'original_sequence': 'str', 'original_p_gen': 'float'}",e9aba02990344fef8f894e655547ebd5.tsv
True,False,AIRR4,"{'p_gen': 'float', 'from_default_model': 'int', 'batch': 'int', 'batch_positions': 'str', 'disease': 'int', 'disease_positions': 'str', 'signals_aggregated': 'str', 'original_sequence': 'str', 'original_p_gen': 'float'}",252abc42e62a485786bfe0289113a710.tsv
True,False,AIRR4,"{'p_gen': 'float', 'from_default_model': 'int', 'batch': 'int', 'batch_positions': 'str', 'disease': 'int', 'disease_positions': 'str', 'signals_aggregated': 'str', 'original_sequence': 'str', 'original_p_gen': 'float'}",ee784cd3a94440fba240dd846fbbfbd8.tsv
True,False,AIRR4,"{'p_gen': 'float', 'from_default_model': 'int', 'batch': 'int', 'batch_positions': 'str', 'disease': 'int', 'disease_positions': 'str', 'signals_aggregated': 'str', 'original_sequence': 'str', 'original_p_gen': 'float'}",d0af66ef3db34ff29878a805d7ea9813.tsv
True,False,AIRR4,"{'p_gen': 'float', 'from_default_model': 'int', 'batch': 'int', 'batch_positions': 'str', 'disease': 'int', 'disease_positions': 'str', 'signals_aggregated': 'str', 'original_sequence': 'str', 'original_p_gen': 'float'}",0e9caa9e435c4b8eb777475a2e7d0444.tsv
True,False,AIRR4,"{'p_gen': 'float', 'from_default_model': 'int', 'batch': 'int', 'batch_positions': 'str', 'disease': 'int', 'disease_positions': 'str', 'signals_aggregated': 'str', 'original_sequence': 'str', 'original_p_gen': 'float'}",f7aa6582e63646d088b981b5ef5d2412.tsv
True,False,AIRR4,"{'p_gen': 'float', 'from_default_model': 'int', 'batch': 'int', 'batch_positions': 'str', 'disease': 'int', 'disease_positions': 'str', 'signals_aggregated': 'str', 'original_sequence': 'str', 'original_p_gen': 'float'}",36eaf0f49c154b57a5f73aabe4dd08a2.tsv
True,False,AIRR4,"{'p_gen': 'float', 'from_default_model': 'int', 'batch': 'int', 'batch_positions': 'str', 'disease': 'int', 'disease_positions': 'str', 'signals_aggregated': 'str', 'original_sequence': 'str', 'original_p_gen': 'float'}",304bf4464c0e44c0956d3a86f9c9d21d.tsv
True,False,AIRR4,"{'p_gen': 'float', 'from_default_model': 'int', 'batch': 'int', 'batch_positions': 'str', 'disease': 'int', 'disease_positions': 'str', 'signals_aggregated': 'str', 'original_sequence': 'str', 'original_p_gen': 'float'}",46b6298403874ff29c6aa01acb42ad46.tsv
True,False,AIRR4,"{'p_gen': 'float', 'from_default_model': 'int', 'batch': 'int', 'batch_positions': 'str', 'disease': 'int', 'disease_positions': 'str', 'signals_aggregated': 'str', 'original_sequence': 'str', 'original_p_gen': 'float'}",d2f73e5cac9d43ed8d76330a6ec96902.tsv
True,False,AIRR4,"{'p_gen': 'float', 'from_default_model': 'int', 'batch': 'int', 'batch_positions': 'str', 'disease': 'int', 'disease_positions': 'str', 'signals_aggregated': 'str', 'original_sequence': 'str', 'original_p_gen': 'float'}",666dc4a15ef646849e2c63cb230c836f.tsv
True,False,AIRR41,"{'p_gen': 'float', 'from_default_model': 'int', 'batch': 'int', 'batch_positions': 'str', 'disease': 'int', 'disease_positions': 'str', 'signals_aggregated': 'str', 'original_sequence': 'str', 'original_p_gen': 'float'}",0f7cf47a742d45cdad390a58172a9cc9.tsv
True,False,AIRR41,"{'p_gen': 'float', 'from_default_model': 'int', 'batch': 'int', 'batch_positions': 'str', 'disease': 'int', 'disease_positions': 'str', 'signals_aggregated': 'str', 'original_sequence': 'str', 'original_p_gen': 'float'}",8d19d0d781484f94a49fc41b613b5e02.tsv
True,False,AIRR41,"{'p_gen': 'float', 'from_default_model': 'int', 'batch': 'int', 'batch_positions': 'str', 'disease': 'int', 'disease_positions': 'str', 'signals_aggregated': 'str', 'original_sequence': 'str', 'original_p_gen': 'float'}",30fced93617c47ceb694b93acd6e1ac0.tsv
True,False,AIRR41,"{'p_gen': 'float', 'from_default_model': 'int', 'batch': 'int', 'batch_positions': 'str', 'disease': 'int', 'disease_positions': 'str', 'signals_aggregated': 'str', 'original_sequence': 'str', 'original_p_gen': 'float'}",cc44c23cb13246d0b36a8ac3c40b38e3.tsv
True,False,AIRR41,"{'p_gen': 'float', 'from_default_model': 'int', 'batch': 'int', 'batch_positions': 'str', 'disease': 'int', 'disease_positions': 'str', 'signals_aggregated': 'str', 'original_sequence': 'str', 'original_p_gen': 'float'}",9f70cfcf3e964360ad8c184f1fb978d0.tsv
True,False,AIRR41,"{'p_gen': 'float', 'from_default_model': 'int', 'batch': 'int', 'batch_positions': 'str', 'disease': 'int', 'disease_positions': 'str', 'signals_aggregated': 'str', 'original_sequence': 'str', 'original_p_gen': 'float'}",db6d3bccb219417e841590ebe7b78c62.tsv
True,False,AIRR41,"{'p_gen': 'float', 'from_default_model': 'int', 'batch': 'int', 'batch_positions': 'str', 'disease': 'int', 'disease_positions': 'str', 'signals_aggregated': 'str', 'original_sequence': 'str', 'original_p_gen': 'float'}",8abccb38e1474533b0ee4ae657e0f1f4.tsv
True,False,AIRR41,"{'p_gen': 'float', 'from_default_model': 'int', 'batch': 'int', 'batch_positions': 'str', 'disease': 'int', 'disease_positions': 'str', 'signals_aggregated': 'str', 'original_sequence': 'str', 'original_p_gen': 'float'}",382ac4de2d4f4e0fa148e33b59cb9c3c.tsv
True,False,AIRR41,"{'p_gen': 'float', 'from_default_model': 'int', 'batch': 'int', 'batch_positions': 'str', 'disease': 'int', 'disease_positions': 'str', 'signals_aggregated': 'str', 'original_sequence': 'str', 'original_p_gen': 'float'}",3fb4b8c265554929842bb79297752bbd.tsv
True,False,AIRR41,"{'p_gen': 'float', 'from_default_model': 'int', 'batch': 'int', 'batch_positions': 'str', 'disease': 'int', 'disease_positions': 'str', 'signals_aggregated': 'str', 'original_sequence': 'str', 'original_p_gen': 'float'}",96a11ef7c7d9439c812cd4beeac14501.tsv
True,False,AIRR41,"{'p_gen': 'float', 'from_default_model': 'int', 'batch': 'int', 'batch_positions': 'str', 'disease': 'int', 'disease_positions': 'str', 'signals_aggregated': 'str', 'original_sequence': 'str', 'original_p_gen': 'float'}",95fcf4dc1cd34011beb1ef5549242063.tsv
True,False,AIRR41,"{'p_gen': 'float', 'from_default_model': 'int', 'batch': 'int', 'batch_positions': 'str', 'disease': 'int', 'disease_positions': 'str', 'signals_aggregated': 'str', 'original_sequence': 'str', 'original_p_gen': 'float'}",6d1eae7519464ec2b3cb0ef245bbe57f.tsv
True,False,AIRR41,"{'p_gen': 'float', 'from_default_model': 'int', 'batch': 'int', 'batch_positions': 'str', 'disease': 'int', 'disease_positions': 'str', 'signals_aggregated': 'str', 'original_sequence': 'str', 'original_p_gen': 'float'}",c21b2a324d7d47158169111e87875dc4.tsv
True,False,AIRR41,"{'p_gen': 'float', 'from_default_model': 'int', 'batch': 'int', 'batch_positions': 'str', 'disease': 'int', 'disease_positions': 'str', 'signals_aggregated': 'str', 'original_sequence': 'str', 'original_p_gen': 'float'}",e065971ae4454526ad5f1c5877deba0b.tsv
True,False,AIRR41,"{'p_gen': 'float', 'from_default_model': 'int', 'batch': 'int', 'batch_positions': 'str', 'disease': 'int', 'disease_positions': 'str', 'signals_aggregated': 'str', 'original_sequence': 'str', 'original_p_gen': 'float'}",08f0ca60310047959b46d690faedf912.tsv
True,False,AIRR41,"{'p_gen': 'float', 'from_default_model': 'int', 'batch': 'int', 'batch_positions': 'str', 'disease': 'int', 'disease_positions': 'str', 'signals_aggregated': 'str', 'original_sequence': 'str', 'original_p_gen': 'float'}",1ef9fe71bc0b4ce2b1b0ff7c1607ce7f.tsv
True,False,AIRR41,"{'p_gen': 'float', 'from_default_model': 'int', 'batch': 'int', 'batch_positions': 'str', 'disease': 'int', 'disease_positions': 'str', 'signals_aggregated': 'str', 'original_sequence': 'str', 'original_p_gen': 'float'}",af20b90ea72845e4b68a3c3876cc2e95.tsv
True,False,AIRR41,"{'p_gen': 'float', 'from_default_model': 'int', 'batch': 'int', 'batch_positions': 'str', 'disease': 'int', 'disease_positions': 'str', 'signals_aggregated': 'str', 'original_sequence': 'str', 'original_p_gen': 'float'}",43e52bf6ca9f475a867cbb8a038f51cc.tsv
True,False,AIRR41,"{'p_gen': 'float', 'from_default_model': 'int', 'batch': 'int', 'batch_positions': 'str', 'disease': 'int', 'disease_positions': 'str', 'signals_aggregated': 'str', 'original_sequence': 'str', 'original_p_gen': 'float'}",da70e1b8525343dd9a1606dbd1b45629.tsv
True,False,AIRR41,"{'p_gen': 'float', 'from_default_model': 'int', 'batch': 'int', 'batch_positions': 'str', 'disease': 'int', 'disease_positions': 'str', 'signals_aggregated': 'str', 'original_sequence': 'str', 'original_p_gen': 'float'}",bc38e4497e62407aa33722aada700fdd.tsv
