sequence_id	sequence	quality	sequence_aa	rev_comp	productive	vj_in_frame	stop_codon	complete_vdj	locus	locus_species	v_call	d_call	d2_call	j_call	c_call	sequence_alignment	quality_alignment	sequence_alignment_aa	germline_alignment	germline_alignment_aa	junction	junction_aa	np1	np1_aa	np2	np2_aa	np3	np3_aa	cdr1	cdr1_aa	cdr2	cdr2_aa	cdr3	cdr3_aa	fwr1	fwr1_aa	fwr2	fwr2_aa	fwr3	fwr3_aa	fwr4	fwr4_aa	v_score	v_identity	v_support	v_cigar	d_score	d_identity	d_support	d_cigar	d2_score	d2_identity	d2_support	d2_cigar	j_score	j_identity	j_support	j_cigar	c_score	c_identity	c_support	c_cigar	v_sequence_start	v_sequence_end	v_germline_start	v_germline_end	v_alignment_start	v_alignment_end	d_sequence_start	d_sequence_end	d_germline_start	d_germline_end	d_alignment_start	d_alignment_end	d2_sequence_start	d2_sequence_end	d2_germline_start	d2_germline_end	d2_alignment_start	d2_alignment_end	j_sequence_start	j_sequence_end	j_germline_start	j_germline_end	j_alignment_start	j_alignment_end	c_sequence_start	c_sequence_end	c_germline_start	c_germline_end	c_alignment_start	c_alignment_end	cdr1_start	cdr1_end	cdr2_start	cdr2_end	cdr3_start	cdr3_end	fwr1_start	fwr1_end	fwr2_start	fwr2_end	fwr3_start	fwr3_end	fwr4_start	fwr4_end	v_sequence_alignment	v_sequence_alignment_aa	d_sequence_alignment	d_sequence_alignment_aa	d2_sequence_alignment	d2_sequence_alignment_aa	j_sequence_alignment	j_sequence_alignment_aa	c_sequence_alignment	c_sequence_alignment_aa	v_germline_alignment	v_germline_alignment_aa	d_germline_alignment	d_germline_alignment_aa	d2_germline_alignment	d2_germline_alignment_aa	j_germline_alignment	j_germline_alignment_aa	c_germline_alignment	c_germline_alignment_aa	junction_length	junction_aa_length	np1_length	np2_length	np3_length	n1_length	n2_length	n3_length	p3v_length	p5d_length	p3d_length	p5d2_length	p3d2_length	p5j_length	v_frameshift	j_frameshift	d_frame	d2_frame	consensus_count	duplicate_count	umi_count	cell_id	clone_id	repertoire_id	sample_processing_id	data_processing_id	rearrangement_id	rearrangement_set_id	germline_database	p_gen	from_default_model	batch	batch_positions	disease	disease_positions	signals_aggregated	original_sequence	original_p_gen
									TRB		TRBV3-1*02			TRBJ1-3*01							TGTGCCAGCAGCCAAGCGGTTGGGGAGCCCGAAACCACTGGAAACACCATATATTTT	CASSQAVGEPETTGNTIYF											GCCAGCAGCCAAGCGGTTGGGGAGCCCGAAACCACTGGAAACACCATATAT	ASSQAVGEPETTGNTIY									-1.0	-1.0	-1.0		-1.0	-1.0	-1.0		-1.0	-1.0	-1.0		-1.0	-1.0	-1.0		-1.0	-1.0	-1.0		-1	-1	-1	-1	-1	-1	-1	-1	-1	-1	-1	-1	-1	-1	-1	-1	-1	-1	-1	-1	-1	-1	-1	-1	-1	-1	-1	-1	-1	-1	-1	-1	-1	-1	-1	-1	-1	-1	-1	-1	-1	-1	-1	-1																					-1	-1	-1	-1	-1	-1	-1	-1	-1	-1	-1	-1	-1	-1			-1	-1	-1	-1	-1									-1.0	1	0	m0000000000000000000	0	m0000000000000000000	no_signal		-1.0
									TRB		TRBV6-5*01			TRBJ1-3*01							TGTGCCAAAAGAAACAACAACACCATATATTTT	CAKRNNNTIYF											GCCAAAAGAAACAACAACACCATATAT	AKRNNNTIY									-1.0	-1.0	-1.0		-1.0	-1.0	-1.0		-1.0	-1.0	-1.0		-1.0	-1.0	-1.0		-1.0	-1.0	-1.0		-1	-1	-1	-1	-1	-1	-1	-1	-1	-1	-1	-1	-1	-1	-1	-1	-1	-1	-1	-1	-1	-1	-1	-1	-1	-1	-1	-1	-1	-1	-1	-1	-1	-1	-1	-1	-1	-1	-1	-1	-1	-1	-1	-1																					-1	-1	-1	-1	-1	-1	-1	-1	-1	-1	-1	-1	-1	-1			-1	-1	-1	-1	-1									-1.0	1	0	m00000000000	0	m00000000000	no_signal		-1.0
									TRB		TRBV7-9*04			TRBJ2-7*01							TGTGCCAGCAGCATAGTTGCCTATAGCGGGCCCTACGAGCAGTACTTC	CASSIVAYSGPYEQYF											GCCAGCAGCATAGTTGCCTATAGCGGGCCCTACGAGCAGTAC	ASSIVAYSGPYEQY									-1.0	-1.0	-1.0		-1.0	-1.0	-1.0		-1.0	-1.0	-1.0		-1.0	-1.0	-1.0		-1.0	-1.0	-1.0		-1	-1	-1	-1	-1	-1	-1	-1	-1	-1	-1	-1	-1	-1	-1	-1	-1	-1	-1	-1	-1	-1	-1	-1	-1	-1	-1	-1	-1	-1	-1	-1	-1	-1	-1	-1	-1	-1	-1	-1	-1	-1	-1	-1																					-1	-1	-1	-1	-1	-1	-1	-1	-1	-1	-1	-1	-1	-1			-1	-1	-1	-1	-1									-1.0	1	0	m0000000000000000	0	m0000000000000000	no_signal		-1.0
									TRB		TRBV5-1*01			TRBJ1-1*01							TGCGCCAGCAGCTTGAACAGGGGCACTGGAGCTGAAGCTTTCTTT	CASSLNRGTGAEAFF											GCCAGCAGCTTGAACAGGGGCACTGGAGCTGAAGCTTTC	ASSLNRGTGAEAF									-1.0	-1.0	-1.0		-1.0	-1.0	-1.0		-1.0	-1.0	-1.0		-1.0	-1.0	-1.0		-1.0	-1.0	-1.0		-1	-1	-1	-1	-1	-1	-1	-1	-1	-1	-1	-1	-1	-1	-1	-1	-1	-1	-1	-1	-1	-1	-1	-1	-1	-1	-1	-1	-1	-1	-1	-1	-1	-1	-1	-1	-1	-1	-1	-1	-1	-1	-1	-1																					-1	-1	-1	-1	-1	-1	-1	-1	-1	-1	-1	-1	-1	-1			-1	-1	-1	-1	-1									-1.0	1	0	m000000000000000	0	m000000000000000	no_signal		-1.0
									TRB		TRBV6-1*01			TRBJ1-2*01							TGTGCCAGCAAGAAGGAGGACAGGTGGGACTATGGCTACACCTTC	CASKKEDRWDYGYTF											GCCAGCAAGAAGGAGGACAGGTGGGACTATGGCTACACC	ASKKEDRWDYGYT									-1.0	-1.0	-1.0		-1.0	-1.0	-1.0		-1.0	-1.0	-1.0		-1.0	-1.0	-1.0		-1.0	-1.0	-1.0		-1	-1	-1	-1	-1	-1	-1	-1	-1	-1	-1	-1	-1	-1	-1	-1	-1	-1	-1	-1	-1	-1	-1	-1	-1	-1	-1	-1	-1	-1	-1	-1	-1	-1	-1	-1	-1	-1	-1	-1	-1	-1	-1	-1																					-1	-1	-1	-1	-1	-1	-1	-1	-1	-1	-1	-1	-1	-1			-1	-1	-1	-1	-1									-1.0	1	0	m000000000000000	0	m000000000000000	no_signal		-1.0
									TRB		TRBV13*01			TRBJ1-2*01							TGTGCCAGCAGCCGACAGGGAGATGGCTACACCTTC	CASSRQGDGYTF											GCCAGCAGCCGACAGGGAGATGGCTACACC	ASSRQGDGYT									-1.0	-1.0	-1.0		-1.0	-1.0	-1.0		-1.0	-1.0	-1.0		-1.0	-1.0	-1.0		-1.0	-1.0	-1.0		-1	-1	-1	-1	-1	-1	-1	-1	-1	-1	-1	-1	-1	-1	-1	-1	-1	-1	-1	-1	-1	-1	-1	-1	-1	-1	-1	-1	-1	-1	-1	-1	-1	-1	-1	-1	-1	-1	-1	-1	-1	-1	-1	-1																					-1	-1	-1	-1	-1	-1	-1	-1	-1	-1	-1	-1	-1	-1			-1	-1	-1	-1	-1									-1.0	1	0	m000000000000	0	m000000000000	no_signal		-1.0
									TRB		TRBV13*01			TRBJ2-7*01							TGTGCCAGCAGCGACCGGGGTGAGCAGTACTTC	CASSDRGEQYF											GCCAGCAGCGACCGGGGTGAGCAGTAC	ASSDRGEQY									-1.0	-1.0	-1.0		-1.0	-1.0	-1.0		-1.0	-1.0	-1.0		-1.0	-1.0	-1.0		-1.0	-1.0	-1.0		-1	-1	-1	-1	-1	-1	-1	-1	-1	-1	-1	-1	-1	-1	-1	-1	-1	-1	-1	-1	-1	-1	-1	-1	-1	-1	-1	-1	-1	-1	-1	-1	-1	-1	-1	-1	-1	-1	-1	-1	-1	-1	-1	-1																					-1	-1	-1	-1	-1	-1	-1	-1	-1	-1	-1	-1	-1	-1			-1	-1	-1	-1	-1									-1.0	1	0	m00000000000	0	m00000000000	no_signal		-1.0
									TRB		TRBV7-2*01			TRBJ1-1*01							TGTGCCAGCAGCTCCCCACACCTGTCGACGGGGGCCAACACTGAAGCTTTCTTT	CASSSPHLSTGANTEAFF											GCCAGCAGCTCCCCACACCTGTCGACGGGGGCCAACACTGAAGCTTTC	ASSSPHLSTGANTEAF									-1.0	-1.0	-1.0		-1.0	-1.0	-1.0		-1.0	-1.0	-1.0		-1.0	-1.0	-1.0		-1.0	-1.0	-1.0		-1	-1	-1	-1	-1	-1	-1	-1	-1	-1	-1	-1	-1	-1	-1	-1	-1	-1	-1	-1	-1	-1	-1	-1	-1	-1	-1	-1	-1	-1	-1	-1	-1	-1	-1	-1	-1	-1	-1	-1	-1	-1	-1	-1																					-1	-1	-1	-1	-1	-1	-1	-1	-1	-1	-1	-1	-1	-1			-1	-1	-1	-1	-1									-1.0	1	0	m000000000000000000	0	m000000000000000000	no_signal		-1.0
									TRB		TRBV19*01			TRBJ2-7*01							TGTGCCAGCACTGGGCGACTATCGAACGAGCAGTACTTC	CASTGRLSNEQYF											GCCAGCACTGGGCGACTATCGAACGAGCAGTAC	ASTGRLSNEQY									-1.0	-1.0	-1.0		-1.0	-1.0	-1.0		-1.0	-1.0	-1.0		-1.0	-1.0	-1.0		-1.0	-1.0	-1.0		-1	-1	-1	-1	-1	-1	-1	-1	-1	-1	-1	-1	-1	-1	-1	-1	-1	-1	-1	-1	-1	-1	-1	-1	-1	-1	-1	-1	-1	-1	-1	-1	-1	-1	-1	-1	-1	-1	-1	-1	-1	-1	-1	-1																					-1	-1	-1	-1	-1	-1	-1	-1	-1	-1	-1	-1	-1	-1			-1	-1	-1	-1	-1									-1.0	1	0	m0000000000000	0	m0000000000000	no_signal		-1.0
									TRB		TRBV6-4*01			TRBJ1-1*01							TGTGCCAGCAGTGACTCGTTGTTAATTCTGCGCACTGAAGCTTTCTTT	CASSDSLLILRTEAFF											GCCAGCAGTGACTCGTTGTTAATTCTGCGCACTGAAGCTTTC	ASSDSLLILRTEAF									-1.0	-1.0	-1.0		-1.0	-1.0	-1.0		-1.0	-1.0	-1.0		-1.0	-1.0	-1.0		-1.0	-1.0	-1.0		-1	-1	-1	-1	-1	-1	-1	-1	-1	-1	-1	-1	-1	-1	-1	-1	-1	-1	-1	-1	-1	-1	-1	-1	-1	-1	-1	-1	-1	-1	-1	-1	-1	-1	-1	-1	-1	-1	-1	-1	-1	-1	-1	-1																					-1	-1	-1	-1	-1	-1	-1	-1	-1	-1	-1	-1	-1	-1			-1	-1	-1	-1	-1									-1.0	1	0	m0000000000000000	0	m0000000000000000	no_signal		-1.0
									TRB		TRBV27*01			TRBJ1-4*01							TGTGCCAGCAGAATACCTGTATGTAATGAAAAACTGTTTTTT	CASRIPVCNEKLFF											GCCAGCAGAATACCTGTATGTAATGAAAAACTGTTT	ASRIPVCNEKLF									-1.0	-1.0	-1.0		-1.0	-1.0	-1.0		-1.0	-1.0	-1.0		-1.0	-1.0	-1.0		-1.0	-1.0	-1.0		-1	-1	-1	-1	-1	-1	-1	-1	-1	-1	-1	-1	-1	-1	-1	-1	-1	-1	-1	-1	-1	-1	-1	-1	-1	-1	-1	-1	-1	-1	-1	-1	-1	-1	-1	-1	-1	-1	-1	-1	-1	-1	-1	-1																					-1	-1	-1	-1	-1	-1	-1	-1	-1	-1	-1	-1	-1	-1			-1	-1	-1	-1	-1									-1.0	1	0	m00000000000000	0	m00000000000000	no_signal		-1.0
									TRB		TRBV30*01			TRBJ2-5*01							TGTGCCTGGAGTTCACTGACCCAGTACTTC	CAWSSLTQYF											GCCTGGAGTTCACTGACCCAGTAC	AWSSLTQY									-1.0	-1.0	-1.0		-1.0	-1.0	-1.0		-1.0	-1.0	-1.0		-1.0	-1.0	-1.0		-1.0	-1.0	-1.0		-1	-1	-1	-1	-1	-1	-1	-1	-1	-1	-1	-1	-1	-1	-1	-1	-1	-1	-1	-1	-1	-1	-1	-1	-1	-1	-1	-1	-1	-1	-1	-1	-1	-1	-1	-1	-1	-1	-1	-1	-1	-1	-1	-1																					-1	-1	-1	-1	-1	-1	-1	-1	-1	-1	-1	-1	-1	-1			-1	-1	-1	-1	-1									-1.0	1	0	m0000000000	0	m0000000000	no_signal		-1.0
									TRB		TRBV30*01			TRBJ2-1*01							TGTGCCTGGGGGGCTAGGGAGTTACACAATGAGCAGTTCTTC	CAWGARELHNEQFF											GCCTGGGGGGCTAGGGAGTTACACAATGAGCAGTTC	AWGARELHNEQF									-1.0	-1.0	-1.0		-1.0	-1.0	-1.0		-1.0	-1.0	-1.0		-1.0	-1.0	-1.0		-1.0	-1.0	-1.0		-1	-1	-1	-1	-1	-1	-1	-1	-1	-1	-1	-1	-1	-1	-1	-1	-1	-1	-1	-1	-1	-1	-1	-1	-1	-1	-1	-1	-1	-1	-1	-1	-1	-1	-1	-1	-1	-1	-1	-1	-1	-1	-1	-1																					-1	-1	-1	-1	-1	-1	-1	-1	-1	-1	-1	-1	-1	-1			-1	-1	-1	-1	-1									-1.0	1	0	m00000000000000	0	m00000000000000	no_signal		-1.0
									TRB		TRBV28*01			TRBJ1-4*01							TGTGCCAGCAGTTTACCCCAGGGCCTCCCAACTAATGAAAAACTGTTTTTT	CASSLPQGLPTNEKLFF											GCCAGCAGTTTACCCCAGGGCCTCCCAACTAATGAAAAACTGTTT	ASSLPQGLPTNEKLF									-1.0	-1.0	-1.0		-1.0	-1.0	-1.0		-1.0	-1.0	-1.0		-1.0	-1.0	-1.0		-1.0	-1.0	-1.0		-1	-1	-1	-1	-1	-1	-1	-1	-1	-1	-1	-1	-1	-1	-1	-1	-1	-1	-1	-1	-1	-1	-1	-1	-1	-1	-1	-1	-1	-1	-1	-1	-1	-1	-1	-1	-1	-1	-1	-1	-1	-1	-1	-1																					-1	-1	-1	-1	-1	-1	-1	-1	-1	-1	-1	-1	-1	-1			-1	-1	-1	-1	-1									-1.0	1	0	m00000000000000000	0	m00000000000000000	no_signal		-1.0
									TRB		TRBV6-5*01			TRBJ1-1*01							TGTGCCAGCAGTTACTTTCGGGGAGTGATCACTGAAGCTTTCTTT	CASSYFRGVITEAFF											GCCAGCAGTTACTTTCGGGGAGTGATCACTGAAGCTTTC	ASSYFRGVITEAF									-1.0	-1.0	-1.0		-1.0	-1.0	-1.0		-1.0	-1.0	-1.0		-1.0	-1.0	-1.0		-1.0	-1.0	-1.0		-1	-1	-1	-1	-1	-1	-1	-1	-1	-1	-1	-1	-1	-1	-1	-1	-1	-1	-1	-1	-1	-1	-1	-1	-1	-1	-1	-1	-1	-1	-1	-1	-1	-1	-1	-1	-1	-1	-1	-1	-1	-1	-1	-1																					-1	-1	-1	-1	-1	-1	-1	-1	-1	-1	-1	-1	-1	-1			-1	-1	-1	-1	-1									-1.0	1	0	m000000000000000	0	m000000000000000	no_signal		-1.0
									TRB		TRBV2*01			TRBJ1-2*01							TGTGCCAGTCCTCGGGACAGGGCCTGGAGAGAAGCTAACTATGGCTACACCTTC	CASPRDRAWREANYGYTF											GCCAGTCCTCGGGACAGGGCCTGGAGAGAAGCTAACTATGGCTACACC	ASPRDRAWREANYGYT									-1.0	-1.0	-1.0		-1.0	-1.0	-1.0		-1.0	-1.0	-1.0		-1.0	-1.0	-1.0		-1.0	-1.0	-1.0		-1	-1	-1	-1	-1	-1	-1	-1	-1	-1	-1	-1	-1	-1	-1	-1	-1	-1	-1	-1	-1	-1	-1	-1	-1	-1	-1	-1	-1	-1	-1	-1	-1	-1	-1	-1	-1	-1	-1	-1	-1	-1	-1	-1																					-1	-1	-1	-1	-1	-1	-1	-1	-1	-1	-1	-1	-1	-1			-1	-1	-1	-1	-1									-1.0	1	0	m000000000000000000	0	m000000000000000000	no_signal		-1.0
									TRB		TRBV13*01			TRBJ2-4*01							TGTGCCAGCAGCATGACTAGCGGGAGGGCCCTGGTTGCCAAAAACATTCAGTACTTC	CASSMTSGRALVAKNIQYF											GCCAGCAGCATGACTAGCGGGAGGGCCCTGGTTGCCAAAAACATTCAGTAC	ASSMTSGRALVAKNIQY									-1.0	-1.0	-1.0		-1.0	-1.0	-1.0		-1.0	-1.0	-1.0		-1.0	-1.0	-1.0		-1.0	-1.0	-1.0		-1	-1	-1	-1	-1	-1	-1	-1	-1	-1	-1	-1	-1	-1	-1	-1	-1	-1	-1	-1	-1	-1	-1	-1	-1	-1	-1	-1	-1	-1	-1	-1	-1	-1	-1	-1	-1	-1	-1	-1	-1	-1	-1	-1																					-1	-1	-1	-1	-1	-1	-1	-1	-1	-1	-1	-1	-1	-1			-1	-1	-1	-1	-1									-1.0	1	0	m0000000000000000000	0	m0000000000000000000	no_signal		-1.0
									TRB		TRBV19*01			TRBJ2-2*01							TGTGCCAGTAGTATAGTGACGGAGAACACCGGGGAGCTGTTTTTT	CASSIVTENTGELFF											GCCAGTAGTATAGTGACGGAGAACACCGGGGAGCTGTTT	ASSIVTENTGELF									-1.0	-1.0	-1.0		-1.0	-1.0	-1.0		-1.0	-1.0	-1.0		-1.0	-1.0	-1.0		-1.0	-1.0	-1.0		-1	-1	-1	-1	-1	-1	-1	-1	-1	-1	-1	-1	-1	-1	-1	-1	-1	-1	-1	-1	-1	-1	-1	-1	-1	-1	-1	-1	-1	-1	-1	-1	-1	-1	-1	-1	-1	-1	-1	-1	-1	-1	-1	-1																					-1	-1	-1	-1	-1	-1	-1	-1	-1	-1	-1	-1	-1	-1			-1	-1	-1	-1	-1									-1.0	1	0	m000000000000000	0	m000000000000000	no_signal		-1.0
									TRB		TRBV6-4*01			TRBJ2-5*01							TGTGCCAGCAGTGAATTCATAGCGGGCCAAGAGACCCAGTACTTC	CASSEFIAGQETQYF											GCCAGCAGTGAATTCATAGCGGGCCAAGAGACCCAGTAC	ASSEFIAGQETQY									-1.0	-1.0	-1.0		-1.0	-1.0	-1.0		-1.0	-1.0	-1.0		-1.0	-1.0	-1.0		-1.0	-1.0	-1.0		-1	-1	-1	-1	-1	-1	-1	-1	-1	-1	-1	-1	-1	-1	-1	-1	-1	-1	-1	-1	-1	-1	-1	-1	-1	-1	-1	-1	-1	-1	-1	-1	-1	-1	-1	-1	-1	-1	-1	-1	-1	-1	-1	-1																					-1	-1	-1	-1	-1	-1	-1	-1	-1	-1	-1	-1	-1	-1			-1	-1	-1	-1	-1									-1.0	1	0	m000000000000000	0	m000000000000000	no_signal		-1.0
									TRB		TRBV13*01			TRBJ2-1*01							TGTGCCAGCAGCTCAATTGGCCACAGGGCCTACAATGAGCAGTTCTTC	CASSSIGHRAYNEQFF											GCCAGCAGCTCAATTGGCCACAGGGCCTACAATGAGCAGTTC	ASSSIGHRAYNEQF									-1.0	-1.0	-1.0		-1.0	-1.0	-1.0		-1.0	-1.0	-1.0		-1.0	-1.0	-1.0		-1.0	-1.0	-1.0		-1	-1	-1	-1	-1	-1	-1	-1	-1	-1	-1	-1	-1	-1	-1	-1	-1	-1	-1	-1	-1	-1	-1	-1	-1	-1	-1	-1	-1	-1	-1	-1	-1	-1	-1	-1	-1	-1	-1	-1	-1	-1	-1	-1																					-1	-1	-1	-1	-1	-1	-1	-1	-1	-1	-1	-1	-1	-1			-1	-1	-1	-1	-1									-1.0	1	0	m0000000000000000	0	m0000000000000000	no_signal		-1.0
									TRB		TRBV29-1*01			TRBJ2-7*01							TGCAGCACCGGCCATTGGTTGACAGGGCTAGGGAGCTCCTACGAGCAGTACTTC	CSTGHWLTGLGSSYEQYF											AGCACCGGCCATTGGTTGACAGGGCTAGGGAGCTCCTACGAGCAGTAC	STGHWLTGLGSSYEQY									-1.0	-1.0	-1.0		-1.0	-1.0	-1.0		-1.0	-1.0	-1.0		-1.0	-1.0	-1.0		-1.0	-1.0	-1.0		-1	-1	-1	-1	-1	-1	-1	-1	-1	-1	-1	-1	-1	-1	-1	-1	-1	-1	-1	-1	-1	-1	-1	-1	-1	-1	-1	-1	-1	-1	-1	-1	-1	-1	-1	-1	-1	-1	-1	-1	-1	-1	-1	-1																					-1	-1	-1	-1	-1	-1	-1	-1	-1	-1	-1	-1	-1	-1			-1	-1	-1	-1	-1									-1.0	1	0	m000000000000000000	0	m000000000000000000	no_signal		-1.0
									TRB		TRBV7-3*01			TRBJ2-7*01							TGTGCCAGCAGCCCTGAATTGAGGACCTACGAGCAGTACTTC	CASSPELRTYEQYF											GCCAGCAGCCCTGAATTGAGGACCTACGAGCAGTAC	ASSPELRTYEQY									-1.0	-1.0	-1.0		-1.0	-1.0	-1.0		-1.0	-1.0	-1.0		-1.0	-1.0	-1.0		-1.0	-1.0	-1.0		-1	-1	-1	-1	-1	-1	-1	-1	-1	-1	-1	-1	-1	-1	-1	-1	-1	-1	-1	-1	-1	-1	-1	-1	-1	-1	-1	-1	-1	-1	-1	-1	-1	-1	-1	-1	-1	-1	-1	-1	-1	-1	-1	-1																					-1	-1	-1	-1	-1	-1	-1	-1	-1	-1	-1	-1	-1	-1			-1	-1	-1	-1	-1									-1.0	1	0	m00000000000000	0	m00000000000000	no_signal		-1.0
									TRB		TRBV5-1*01			TRBJ2-3*01							TGCGCCAGCAGCTTTCAGGTCTCAACCCGGGACTATCAGGATACGCAGTATTTT	CASSFQVSTRDYQDTQYF											GCCAGCAGCTTTCAGGTCTCAACCCGGGACTATCAGGATACGCAGTAT	ASSFQVSTRDYQDTQY									-1.0	-1.0	-1.0		-1.0	-1.0	-1.0		-1.0	-1.0	-1.0		-1.0	-1.0	-1.0		-1.0	-1.0	-1.0		-1	-1	-1	-1	-1	-1	-1	-1	-1	-1	-1	-1	-1	-1	-1	-1	-1	-1	-1	-1	-1	-1	-1	-1	-1	-1	-1	-1	-1	-1	-1	-1	-1	-1	-1	-1	-1	-1	-1	-1	-1	-1	-1	-1																					-1	-1	-1	-1	-1	-1	-1	-1	-1	-1	-1	-1	-1	-1			-1	-1	-1	-1	-1									-1.0	1	0	m000000000000000000	0	m000000000000000000	no_signal		-1.0
									TRB		TRBV6-1*01			TRBJ2-1*01							TGTGCCTCGGGACTTAGGGGGAATGAGCAGTTCTTC	CASGLRGNEQFF											GCCTCGGGACTTAGGGGGAATGAGCAGTTC	ASGLRGNEQF									-1.0	-1.0	-1.0		-1.0	-1.0	-1.0		-1.0	-1.0	-1.0		-1.0	-1.0	-1.0		-1.0	-1.0	-1.0		-1	-1	-1	-1	-1	-1	-1	-1	-1	-1	-1	-1	-1	-1	-1	-1	-1	-1	-1	-1	-1	-1	-1	-1	-1	-1	-1	-1	-1	-1	-1	-1	-1	-1	-1	-1	-1	-1	-1	-1	-1	-1	-1	-1																					-1	-1	-1	-1	-1	-1	-1	-1	-1	-1	-1	-1	-1	-1			-1	-1	-1	-1	-1									-1.0	1	0	m000000000000	0	m000000000000	no_signal		-1.0
									TRB		TRBV6-1*01			TRBJ1-6*02							TGTGCCAGCAGTGGGCGTTCCTATAATTCACCCCTCCACTTT	CASSGRSYNSPLHF											GCCAGCAGTGGGCGTTCCTATAATTCACCCCTCCAC	ASSGRSYNSPLH									-1.0	-1.0	-1.0		-1.0	-1.0	-1.0		-1.0	-1.0	-1.0		-1.0	-1.0	-1.0		-1.0	-1.0	-1.0		-1	-1	-1	-1	-1	-1	-1	-1	-1	-1	-1	-1	-1	-1	-1	-1	-1	-1	-1	-1	-1	-1	-1	-1	-1	-1	-1	-1	-1	-1	-1	-1	-1	-1	-1	-1	-1	-1	-1	-1	-1	-1	-1	-1																					-1	-1	-1	-1	-1	-1	-1	-1	-1	-1	-1	-1	-1	-1			-1	-1	-1	-1	-1									-1.0	1	0	m00000000000000	0	m00000000000000	no_signal		-1.0
									TRB		TRBV15*02			TRBJ2-3*01							TGTGCCACCAGCAGAAGGCGACGCTCGGCTAGCACAGATACGCAGTATTTT	CATSRRRRSASTDTQYF											GCCACCAGCAGAAGGCGACGCTCGGCTAGCACAGATACGCAGTAT	ATSRRRRSASTDTQY									-1.0	-1.0	-1.0		-1.0	-1.0	-1.0		-1.0	-1.0	-1.0		-1.0	-1.0	-1.0		-1.0	-1.0	-1.0		-1	-1	-1	-1	-1	-1	-1	-1	-1	-1	-1	-1	-1	-1	-1	-1	-1	-1	-1	-1	-1	-1	-1	-1	-1	-1	-1	-1	-1	-1	-1	-1	-1	-1	-1	-1	-1	-1	-1	-1	-1	-1	-1	-1																					-1	-1	-1	-1	-1	-1	-1	-1	-1	-1	-1	-1	-1	-1			-1	-1	-1	-1	-1									-1.0	1	0	m00000000000000000	0	m00000000000000000	no_signal		-1.0
									TRB		TRBV2*03			TRBJ2-5*01							TGTGCCAGCAGTGGGCCGGGGCCCGAGACCCAGTACTTC	CASSGPGPETQYF											GCCAGCAGTGGGCCGGGGCCCGAGACCCAGTAC	ASSGPGPETQY									-1.0	-1.0	-1.0		-1.0	-1.0	-1.0		-1.0	-1.0	-1.0		-1.0	-1.0	-1.0		-1.0	-1.0	-1.0		-1	-1	-1	-1	-1	-1	-1	-1	-1	-1	-1	-1	-1	-1	-1	-1	-1	-1	-1	-1	-1	-1	-1	-1	-1	-1	-1	-1	-1	-1	-1	-1	-1	-1	-1	-1	-1	-1	-1	-1	-1	-1	-1	-1																					-1	-1	-1	-1	-1	-1	-1	-1	-1	-1	-1	-1	-1	-1			-1	-1	-1	-1	-1									-1.0	1	0	m0000000000000	0	m0000000000000	no_signal		-1.0
									TRB		TRBV5-1*01			TRBJ1-2*01							TGCGCCAGCAGCCGACGGCACTACTATGGCTACACCTTC	CASSRRHYYGYTF											GCCAGCAGCCGACGGCACTACTATGGCTACACC	ASSRRHYYGYT									-1.0	-1.0	-1.0		-1.0	-1.0	-1.0		-1.0	-1.0	-1.0		-1.0	-1.0	-1.0		-1.0	-1.0	-1.0		-1	-1	-1	-1	-1	-1	-1	-1	-1	-1	-1	-1	-1	-1	-1	-1	-1	-1	-1	-1	-1	-1	-1	-1	-1	-1	-1	-1	-1	-1	-1	-1	-1	-1	-1	-1	-1	-1	-1	-1	-1	-1	-1	-1																					-1	-1	-1	-1	-1	-1	-1	-1	-1	-1	-1	-1	-1	-1			-1	-1	-1	-1	-1									-1.0	1	0	m0000000000000	0	m0000000000000	no_signal		-1.0
									TRB		TRBV20-1*01			TRBJ2-7*01							TGCAGTGCTATACCCAGGTTCGCCTACGAGCAGTACTTC	CSAIPRFAYEQYF											AGTGCTATACCCAGGTTCGCCTACGAGCAGTAC	SAIPRFAYEQY									-1.0	-1.0	-1.0		-1.0	-1.0	-1.0		-1.0	-1.0	-1.0		-1.0	-1.0	-1.0		-1.0	-1.0	-1.0		-1	-1	-1	-1	-1	-1	-1	-1	-1	-1	-1	-1	-1	-1	-1	-1	-1	-1	-1	-1	-1	-1	-1	-1	-1	-1	-1	-1	-1	-1	-1	-1	-1	-1	-1	-1	-1	-1	-1	-1	-1	-1	-1	-1																					-1	-1	-1	-1	-1	-1	-1	-1	-1	-1	-1	-1	-1	-1			-1	-1	-1	-1	-1									-1.0	1	0	m0000000000000	0	m0000000000000	no_signal		-1.0
									TRB		TRBV4-1*01			TRBJ2-5*01							TGCGCCAGCAGCCAAGATGACCCGCCCCGGGACCCAGAGACCCAGTACTTC	CASSQDDPPRDPETQYF											GCCAGCAGCCAAGATGACCCGCCCCGGGACCCAGAGACCCAGTAC	ASSQDDPPRDPETQY									-1.0	-1.0	-1.0		-1.0	-1.0	-1.0		-1.0	-1.0	-1.0		-1.0	-1.0	-1.0		-1.0	-1.0	-1.0		-1	-1	-1	-1	-1	-1	-1	-1	-1	-1	-1	-1	-1	-1	-1	-1	-1	-1	-1	-1	-1	-1	-1	-1	-1	-1	-1	-1	-1	-1	-1	-1	-1	-1	-1	-1	-1	-1	-1	-1	-1	-1	-1	-1																					-1	-1	-1	-1	-1	-1	-1	-1	-1	-1	-1	-1	-1	-1			-1	-1	-1	-1	-1									-1.0	1	0	m00000000000000000	0	m00000000000000000	no_signal		-1.0
									TRB		TRBV11-3*01			TRBJ1-5*01							TGTGCCAGATTATTAAGCCATAGCAATCAGCCCCAGCATTTT	CARLLSHSNQPQHF											GCCAGATTATTAAGCCATAGCAATCAGCCCCAGCAT	ARLLSHSNQPQH									-1.0	-1.0	-1.0		-1.0	-1.0	-1.0		-1.0	-1.0	-1.0		-1.0	-1.0	-1.0		-1.0	-1.0	-1.0		-1	-1	-1	-1	-1	-1	-1	-1	-1	-1	-1	-1	-1	-1	-1	-1	-1	-1	-1	-1	-1	-1	-1	-1	-1	-1	-1	-1	-1	-1	-1	-1	-1	-1	-1	-1	-1	-1	-1	-1	-1	-1	-1	-1																					-1	-1	-1	-1	-1	-1	-1	-1	-1	-1	-1	-1	-1	-1			-1	-1	-1	-1	-1									-1.0	1	0	m00000000000000	0	m00000000000000	no_signal		-1.0
									TRB		TRBV20-1*01			TRBJ2-1*01							TGCAGTGCTAGAGGCTTTAGCTACAATGAGCAGTTCTTC	CSARGFSYNEQFF											AGTGCTAGAGGCTTTAGCTACAATGAGCAGTTC	SARGFSYNEQF									-1.0	-1.0	-1.0		-1.0	-1.0	-1.0		-1.0	-1.0	-1.0		-1.0	-1.0	-1.0		-1.0	-1.0	-1.0		-1	-1	-1	-1	-1	-1	-1	-1	-1	-1	-1	-1	-1	-1	-1	-1	-1	-1	-1	-1	-1	-1	-1	-1	-1	-1	-1	-1	-1	-1	-1	-1	-1	-1	-1	-1	-1	-1	-1	-1	-1	-1	-1	-1																					-1	-1	-1	-1	-1	-1	-1	-1	-1	-1	-1	-1	-1	-1			-1	-1	-1	-1	-1									-1.0	1	0	m0000000000000	0	m0000000000000	no_signal		-1.0
									TRB		TRBV29-1*01			TRBJ2-5*01							TGCAGCGTGGGGGAAGAGGTAAGAGAGCAAGAGACCCAGTACTTC	CSVGEEVREQETQYF											AGCGTGGGGGAAGAGGTAAGAGAGCAAGAGACCCAGTAC	SVGEEVREQETQY									-1.0	-1.0	-1.0		-1.0	-1.0	-1.0		-1.0	-1.0	-1.0		-1.0	-1.0	-1.0		-1.0	-1.0	-1.0		-1	-1	-1	-1	-1	-1	-1	-1	-1	-1	-1	-1	-1	-1	-1	-1	-1	-1	-1	-1	-1	-1	-1	-1	-1	-1	-1	-1	-1	-1	-1	-1	-1	-1	-1	-1	-1	-1	-1	-1	-1	-1	-1	-1																					-1	-1	-1	-1	-1	-1	-1	-1	-1	-1	-1	-1	-1	-1			-1	-1	-1	-1	-1									-1.0	1	0	m000000000000000	0	m000000000000000	no_signal		-1.0
									TRB		TRBV7-3*01			TRBJ2-7*01							TGTGCCAGCAGCTTCGGGAGCCGGGGGACCTACGAGCAGTACTTC	CASSFGSRGTYEQYF											GCCAGCAGCTTCGGGAGCCGGGGGACCTACGAGCAGTAC	ASSFGSRGTYEQY									-1.0	-1.0	-1.0		-1.0	-1.0	-1.0		-1.0	-1.0	-1.0		-1.0	-1.0	-1.0		-1.0	-1.0	-1.0		-1	-1	-1	-1	-1	-1	-1	-1	-1	-1	-1	-1	-1	-1	-1	-1	-1	-1	-1	-1	-1	-1	-1	-1	-1	-1	-1	-1	-1	-1	-1	-1	-1	-1	-1	-1	-1	-1	-1	-1	-1	-1	-1	-1																					-1	-1	-1	-1	-1	-1	-1	-1	-1	-1	-1	-1	-1	-1			-1	-1	-1	-1	-1									-1.0	1	0	m000000000000000	0	m000000000000000	no_signal		-1.0
									TRB		TRBV7-3*01			TRBJ2-1*01							TGTGCCAGCAGCTTAAAGGGAGAACGCTTTAACAATGAGCAGTTCTTC	CASSLKGERFNNEQFF											GCCAGCAGCTTAAAGGGAGAACGCTTTAACAATGAGCAGTTC	ASSLKGERFNNEQF									-1.0	-1.0	-1.0		-1.0	-1.0	-1.0		-1.0	-1.0	-1.0		-1.0	-1.0	-1.0		-1.0	-1.0	-1.0		-1	-1	-1	-1	-1	-1	-1	-1	-1	-1	-1	-1	-1	-1	-1	-1	-1	-1	-1	-1	-1	-1	-1	-1	-1	-1	-1	-1	-1	-1	-1	-1	-1	-1	-1	-1	-1	-1	-1	-1	-1	-1	-1	-1																					-1	-1	-1	-1	-1	-1	-1	-1	-1	-1	-1	-1	-1	-1			-1	-1	-1	-1	-1									-1.0	1	0	m0000000000000000	0	m0000000000000000	no_signal		-1.0
									TRB		TRBV10-2*01			TRBJ1-5*01							TGCGCCAGCAGTGGGGACAGGGTTAATCAGCCCCAGCATTTT	CASSGDRVNQPQHF											GCCAGCAGTGGGGACAGGGTTAATCAGCCCCAGCAT	ASSGDRVNQPQH									-1.0	-1.0	-1.0		-1.0	-1.0	-1.0		-1.0	-1.0	-1.0		-1.0	-1.0	-1.0		-1.0	-1.0	-1.0		-1	-1	-1	-1	-1	-1	-1	-1	-1	-1	-1	-1	-1	-1	-1	-1	-1	-1	-1	-1	-1	-1	-1	-1	-1	-1	-1	-1	-1	-1	-1	-1	-1	-1	-1	-1	-1	-1	-1	-1	-1	-1	-1	-1																					-1	-1	-1	-1	-1	-1	-1	-1	-1	-1	-1	-1	-1	-1			-1	-1	-1	-1	-1									-1.0	1	0	m00000000000000	0	m00000000000000	no_signal		-1.0
									TRB		TRBV9*01			TRBJ1-5*01							TGTGCCAGCAGTATCGCGCGGGTAGGATCTAGCAATCAGCCCCAGCATTTT	CASSIARVGSSNQPQHF											GCCAGCAGTATCGCGCGGGTAGGATCTAGCAATCAGCCCCAGCAT	ASSIARVGSSNQPQH									-1.0	-1.0	-1.0		-1.0	-1.0	-1.0		-1.0	-1.0	-1.0		-1.0	-1.0	-1.0		-1.0	-1.0	-1.0		-1	-1	-1	-1	-1	-1	-1	-1	-1	-1	-1	-1	-1	-1	-1	-1	-1	-1	-1	-1	-1	-1	-1	-1	-1	-1	-1	-1	-1	-1	-1	-1	-1	-1	-1	-1	-1	-1	-1	-1	-1	-1	-1	-1																					-1	-1	-1	-1	-1	-1	-1	-1	-1	-1	-1	-1	-1	-1			-1	-1	-1	-1	-1									-1.0	1	0	m00000000000000000	0	m00000000000000000	no_signal		-1.0
									TRB		TRBV6-4*01			TRBJ2-3*01							TGTGCCAGCAGAATCAGCGGGATCACAGATACGCAGTATTTT	CASRISGITDTQYF											GCCAGCAGAATCAGCGGGATCACAGATACGCAGTAT	ASRISGITDTQY									-1.0	-1.0	-1.0		-1.0	-1.0	-1.0		-1.0	-1.0	-1.0		-1.0	-1.0	-1.0		-1.0	-1.0	-1.0		-1	-1	-1	-1	-1	-1	-1	-1	-1	-1	-1	-1	-1	-1	-1	-1	-1	-1	-1	-1	-1	-1	-1	-1	-1	-1	-1	-1	-1	-1	-1	-1	-1	-1	-1	-1	-1	-1	-1	-1	-1	-1	-1	-1																					-1	-1	-1	-1	-1	-1	-1	-1	-1	-1	-1	-1	-1	-1			-1	-1	-1	-1	-1									-1.0	1	0	m00000000000000	0	m00000000000000	no_signal		-1.0
									TRB		TRBV10-1*01			TRBJ2-3*01							TGCGCCAGCAGTCGAGCCTCAGGGACCAAAAACACAGATACGCAGTATTTT	CASSRASGTKNTDTQYF											GCCAGCAGTCGAGCCTCAGGGACCAAAAACACAGATACGCAGTAT	ASSRASGTKNTDTQY									-1.0	-1.0	-1.0		-1.0	-1.0	-1.0		-1.0	-1.0	-1.0		-1.0	-1.0	-1.0		-1.0	-1.0	-1.0		-1	-1	-1	-1	-1	-1	-1	-1	-1	-1	-1	-1	-1	-1	-1	-1	-1	-1	-1	-1	-1	-1	-1	-1	-1	-1	-1	-1	-1	-1	-1	-1	-1	-1	-1	-1	-1	-1	-1	-1	-1	-1	-1	-1																					-1	-1	-1	-1	-1	-1	-1	-1	-1	-1	-1	-1	-1	-1			-1	-1	-1	-1	-1									-1.0	1	0	m00000000000000000	0	m00000000000000000	no_signal		-1.0
									TRB		TRBV7-2*01			TRBJ2-2*01							TGTGCCAGCAGCTTACGACCGGGGACAGGGCTAGACACCGGGGAGCTGTTTTTT	CASSLRPGTGLDTGELFF											GCCAGCAGCTTACGACCGGGGACAGGGCTAGACACCGGGGAGCTGTTT	ASSLRPGTGLDTGELF									-1.0	-1.0	-1.0		-1.0	-1.0	-1.0		-1.0	-1.0	-1.0		-1.0	-1.0	-1.0		-1.0	-1.0	-1.0		-1	-1	-1	-1	-1	-1	-1	-1	-1	-1	-1	-1	-1	-1	-1	-1	-1	-1	-1	-1	-1	-1	-1	-1	-1	-1	-1	-1	-1	-1	-1	-1	-1	-1	-1	-1	-1	-1	-1	-1	-1	-1	-1	-1																					-1	-1	-1	-1	-1	-1	-1	-1	-1	-1	-1	-1	-1	-1			-1	-1	-1	-1	-1									-1.0	1	0	m000000000000000000	0	m000000000000000000	no_signal		-1.0
									TRB		TRBV13*01			TRBJ1-6*02							TGTGCCAGCAGCCGGGGGAATTCACCCCTCCACTTT	CASSRGNSPLHF											GCCAGCAGCCGGGGGAATTCACCCCTCCAC	ASSRGNSPLH									-1.0	-1.0	-1.0		-1.0	-1.0	-1.0		-1.0	-1.0	-1.0		-1.0	-1.0	-1.0		-1.0	-1.0	-1.0		-1	-1	-1	-1	-1	-1	-1	-1	-1	-1	-1	-1	-1	-1	-1	-1	-1	-1	-1	-1	-1	-1	-1	-1	-1	-1	-1	-1	-1	-1	-1	-1	-1	-1	-1	-1	-1	-1	-1	-1	-1	-1	-1	-1																					-1	-1	-1	-1	-1	-1	-1	-1	-1	-1	-1	-1	-1	-1			-1	-1	-1	-1	-1									-1.0	1	0	m000000000000	0	m000000000000	no_signal		-1.0
									TRB		TRBV28*01			TRBJ2-3*01							TGTGCCAGCAGGGTCCGGGACAGGGGGCTGTATGATACGCAGTATTTT	CASRVRDRGLYDTQYF											GCCAGCAGGGTCCGGGACAGGGGGCTGTATGATACGCAGTAT	ASRVRDRGLYDTQY									-1.0	-1.0	-1.0		-1.0	-1.0	-1.0		-1.0	-1.0	-1.0		-1.0	-1.0	-1.0		-1.0	-1.0	-1.0		-1	-1	-1	-1	-1	-1	-1	-1	-1	-1	-1	-1	-1	-1	-1	-1	-1	-1	-1	-1	-1	-1	-1	-1	-1	-1	-1	-1	-1	-1	-1	-1	-1	-1	-1	-1	-1	-1	-1	-1	-1	-1	-1	-1																					-1	-1	-1	-1	-1	-1	-1	-1	-1	-1	-1	-1	-1	-1			-1	-1	-1	-1	-1									-1.0	1	0	m0000000000000000	0	m0000000000000000	no_signal		-1.0
									TRB		TRBV20-1*01			TRBJ2-7*01							TGCAGTGCTAGAAGGGACAGGAACTCCTACGAGCAGTACTTC	CSARRDRNSYEQYF											AGTGCTAGAAGGGACAGGAACTCCTACGAGCAGTAC	SARRDRNSYEQY									-1.0	-1.0	-1.0		-1.0	-1.0	-1.0		-1.0	-1.0	-1.0		-1.0	-1.0	-1.0		-1.0	-1.0	-1.0		-1	-1	-1	-1	-1	-1	-1	-1	-1	-1	-1	-1	-1	-1	-1	-1	-1	-1	-1	-1	-1	-1	-1	-1	-1	-1	-1	-1	-1	-1	-1	-1	-1	-1	-1	-1	-1	-1	-1	-1	-1	-1	-1	-1																					-1	-1	-1	-1	-1	-1	-1	-1	-1	-1	-1	-1	-1	-1			-1	-1	-1	-1	-1									-1.0	1	0	m00000000000000	0	m00000000000000	no_signal		-1.0
									TRB		TRBV4-1*01			TRBJ2-4*01							TGCGCCAGCAGCCCGGATTTGGGACAGGGGCGGAGGGGGTACTTC	CASSPDLGQGRRGYF											GCCAGCAGCCCGGATTTGGGACAGGGGCGGAGGGGGTAC	ASSPDLGQGRRGY									-1.0	-1.0	-1.0		-1.0	-1.0	-1.0		-1.0	-1.0	-1.0		-1.0	-1.0	-1.0		-1.0	-1.0	-1.0		-1	-1	-1	-1	-1	-1	-1	-1	-1	-1	-1	-1	-1	-1	-1	-1	-1	-1	-1	-1	-1	-1	-1	-1	-1	-1	-1	-1	-1	-1	-1	-1	-1	-1	-1	-1	-1	-1	-1	-1	-1	-1	-1	-1																					-1	-1	-1	-1	-1	-1	-1	-1	-1	-1	-1	-1	-1	-1			-1	-1	-1	-1	-1									-1.0	1	0	m000000000000000	0	m000000000000000	no_signal		-1.0
									TRB		TRBV10-1*02			TRBJ2-7*01							TGCGCCAGATTGACGGAGTCGCAGTACTTC	CARLTESQYF											GCCAGATTGACGGAGTCGCAGTAC	ARLTESQY									-1.0	-1.0	-1.0		-1.0	-1.0	-1.0		-1.0	-1.0	-1.0		-1.0	-1.0	-1.0		-1.0	-1.0	-1.0		-1	-1	-1	-1	-1	-1	-1	-1	-1	-1	-1	-1	-1	-1	-1	-1	-1	-1	-1	-1	-1	-1	-1	-1	-1	-1	-1	-1	-1	-1	-1	-1	-1	-1	-1	-1	-1	-1	-1	-1	-1	-1	-1	-1																					-1	-1	-1	-1	-1	-1	-1	-1	-1	-1	-1	-1	-1	-1			-1	-1	-1	-1	-1									-1.0	1	0	m0000000000	0	m0000000000	no_signal		-1.0
									TRB		TRBV15*02			TRBJ1-4*01							TGTGCCACCAGCAGAGAAGGGAGACAGGGGGCTGAAAAACTGTTTTTT	CATSREGRQGAEKLFF											GCCACCAGCAGAGAAGGGAGACAGGGGGCTGAAAAACTGTTT	ATSREGRQGAEKLF									-1.0	-1.0	-1.0		-1.0	-1.0	-1.0		-1.0	-1.0	-1.0		-1.0	-1.0	-1.0		-1.0	-1.0	-1.0		-1	-1	-1	-1	-1	-1	-1	-1	-1	-1	-1	-1	-1	-1	-1	-1	-1	-1	-1	-1	-1	-1	-1	-1	-1	-1	-1	-1	-1	-1	-1	-1	-1	-1	-1	-1	-1	-1	-1	-1	-1	-1	-1	-1																					-1	-1	-1	-1	-1	-1	-1	-1	-1	-1	-1	-1	-1	-1			-1	-1	-1	-1	-1									-1.0	1	0	m0000000000000000	0	m0000000000000000	no_signal		-1.0
									TRB		TRBV11-2*03			TRBJ2-7*01							TGTGCCAGCAGCTCTCAATTCCACCCCGAAGGCTACTACGAGCAGTACTTC	CASSSQFHPEGYYEQYF											GCCAGCAGCTCTCAATTCCACCCCGAAGGCTACTACGAGCAGTAC	ASSSQFHPEGYYEQY									-1.0	-1.0	-1.0		-1.0	-1.0	-1.0		-1.0	-1.0	-1.0		-1.0	-1.0	-1.0		-1.0	-1.0	-1.0		-1	-1	-1	-1	-1	-1	-1	-1	-1	-1	-1	-1	-1	-1	-1	-1	-1	-1	-1	-1	-1	-1	-1	-1	-1	-1	-1	-1	-1	-1	-1	-1	-1	-1	-1	-1	-1	-1	-1	-1	-1	-1	-1	-1																					-1	-1	-1	-1	-1	-1	-1	-1	-1	-1	-1	-1	-1	-1			-1	-1	-1	-1	-1									-1.0	1	0	m00000000000000000	0	m00000000000000000	no_signal		-1.0
									TRB		TRBV20-1*01			TRBJ2-1*01							TGCAGTGCTAGACTTAGAAGGGACAGGGGGCGTTACTTGGGCCTTGAGCAGTTCTTC	CSARLRRDRGRYLGLEQFF											AGTGCTAGACTTAGAAGGGACAGGGGGCGTTACTTGGGCCTTGAGCAGTTC	SARLRRDRGRYLGLEQF									-1.0	-1.0	-1.0		-1.0	-1.0	-1.0		-1.0	-1.0	-1.0		-1.0	-1.0	-1.0		-1.0	-1.0	-1.0		-1	-1	-1	-1	-1	-1	-1	-1	-1	-1	-1	-1	-1	-1	-1	-1	-1	-1	-1	-1	-1	-1	-1	-1	-1	-1	-1	-1	-1	-1	-1	-1	-1	-1	-1	-1	-1	-1	-1	-1	-1	-1	-1	-1																					-1	-1	-1	-1	-1	-1	-1	-1	-1	-1	-1	-1	-1	-1			-1	-1	-1	-1	-1									-1.0	1	0	m0000000000000000000	0	m0000000000000000000	no_signal		-1.0
									TRB		TRBV19*01			TRBJ1-1*01							TGTGCCAGTAGCGGTAGGTTCTACACTGAAGCTTTCTTT	CASSGRFYTEAFF											GCCAGTAGCGGTAGGTTCTACACTGAAGCTTTC	ASSGRFYTEAF									-1.0	-1.0	-1.0		-1.0	-1.0	-1.0		-1.0	-1.0	-1.0		-1.0	-1.0	-1.0		-1.0	-1.0	-1.0		-1	-1	-1	-1	-1	-1	-1	-1	-1	-1	-1	-1	-1	-1	-1	-1	-1	-1	-1	-1	-1	-1	-1	-1	-1	-1	-1	-1	-1	-1	-1	-1	-1	-1	-1	-1	-1	-1	-1	-1	-1	-1	-1	-1																					-1	-1	-1	-1	-1	-1	-1	-1	-1	-1	-1	-1	-1	-1			-1	-1	-1	-1	-1									-1.0	1	0	m0000000000000	0	m0000000000000	no_signal		-1.0
									TRB		TRBV4-1*01			TRBJ1-1*01							TGCGCCAGCAGCCTGGGACAGGGCACTGAAGCTTTCTTT	CASSLGQGTEAFF											GCCAGCAGCCTGGGACAGGGCACTGAAGCTTTC	ASSLGQGTEAF									-1.0	-1.0	-1.0		-1.0	-1.0	-1.0		-1.0	-1.0	-1.0		-1.0	-1.0	-1.0		-1.0	-1.0	-1.0		-1	-1	-1	-1	-1	-1	-1	-1	-1	-1	-1	-1	-1	-1	-1	-1	-1	-1	-1	-1	-1	-1	-1	-1	-1	-1	-1	-1	-1	-1	-1	-1	-1	-1	-1	-1	-1	-1	-1	-1	-1	-1	-1	-1																					-1	-1	-1	-1	-1	-1	-1	-1	-1	-1	-1	-1	-1	-1			-1	-1	-1	-1	-1									-1.0	1	0	m0000000000000	0	m0000000000000	no_signal		-1.0
									TRB		TRBV10-3*02			TRBJ2-7*01							TGTGCCCGCAGAGGACAGGACGAGCAGTACTTC	CARRGQDEQYF											GCCCGCAGAGGACAGGACGAGCAGTAC	ARRGQDEQY									-1.0	-1.0	-1.0		-1.0	-1.0	-1.0		-1.0	-1.0	-1.0		-1.0	-1.0	-1.0		-1.0	-1.0	-1.0		-1	-1	-1	-1	-1	-1	-1	-1	-1	-1	-1	-1	-1	-1	-1	-1	-1	-1	-1	-1	-1	-1	-1	-1	-1	-1	-1	-1	-1	-1	-1	-1	-1	-1	-1	-1	-1	-1	-1	-1	-1	-1	-1	-1																					-1	-1	-1	-1	-1	-1	-1	-1	-1	-1	-1	-1	-1	-1			-1	-1	-1	-1	-1									-1.0	1	0	m00000000000	0	m00000000000	no_signal		-1.0
									TRB		TRBV28*01			TRBJ2-3*01							TGTGCCAGCAGTCTAAACGGGGTCCTGCTTTTGGCAGATACGCAGTATTTT	CASSLNGVLLLADTQYF											GCCAGCAGTCTAAACGGGGTCCTGCTTTTGGCAGATACGCAGTAT	ASSLNGVLLLADTQY									-1.0	-1.0	-1.0		-1.0	-1.0	-1.0		-1.0	-1.0	-1.0		-1.0	-1.0	-1.0		-1.0	-1.0	-1.0		-1	-1	-1	-1	-1	-1	-1	-1	-1	-1	-1	-1	-1	-1	-1	-1	-1	-1	-1	-1	-1	-1	-1	-1	-1	-1	-1	-1	-1	-1	-1	-1	-1	-1	-1	-1	-1	-1	-1	-1	-1	-1	-1	-1																					-1	-1	-1	-1	-1	-1	-1	-1	-1	-1	-1	-1	-1	-1			-1	-1	-1	-1	-1									-1.0	1	0	m00000000000000000	0	m00000000000000000	no_signal		-1.0
									TRB		TRBV5-1*01			TRBJ1-3*01							TGCGCCAGCAGGACCGGGACAGGTAATTCTGGAAACACCATATATTTT	CASRTGTGNSGNTIYF											GCCAGCAGGACCGGGACAGGTAATTCTGGAAACACCATATAT	ASRTGTGNSGNTIY									-1.0	-1.0	-1.0		-1.0	-1.0	-1.0		-1.0	-1.0	-1.0		-1.0	-1.0	-1.0		-1.0	-1.0	-1.0		-1	-1	-1	-1	-1	-1	-1	-1	-1	-1	-1	-1	-1	-1	-1	-1	-1	-1	-1	-1	-1	-1	-1	-1	-1	-1	-1	-1	-1	-1	-1	-1	-1	-1	-1	-1	-1	-1	-1	-1	-1	-1	-1	-1																					-1	-1	-1	-1	-1	-1	-1	-1	-1	-1	-1	-1	-1	-1			-1	-1	-1	-1	-1									-1.0	1	0	m0000000000000000	0	m0000000000000000	no_signal		-1.0
									TRB		TRBV29-1*01			TRBJ2-7*01							TGCAGCGTTGTCGTGCGGACAGAGCAGGAGTCGTACTTC	CSVVVRTEQESYF											AGCGTTGTCGTGCGGACAGAGCAGGAGTCGTAC	SVVVRTEQESY									-1.0	-1.0	-1.0		-1.0	-1.0	-1.0		-1.0	-1.0	-1.0		-1.0	-1.0	-1.0		-1.0	-1.0	-1.0		-1	-1	-1	-1	-1	-1	-1	-1	-1	-1	-1	-1	-1	-1	-1	-1	-1	-1	-1	-1	-1	-1	-1	-1	-1	-1	-1	-1	-1	-1	-1	-1	-1	-1	-1	-1	-1	-1	-1	-1	-1	-1	-1	-1																					-1	-1	-1	-1	-1	-1	-1	-1	-1	-1	-1	-1	-1	-1			-1	-1	-1	-1	-1									-1.0	1	0	m0000000000000	0	m0000000000000	no_signal		-1.0
									TRB		TRBV27*01			TRBJ2-1*01							TGTGCCAGCAGTCAACCCGCGGGAGAGGGGCTCAATGAGCAGTTCTTC	CASSQPAGEGLNEQFF											GCCAGCAGTCAACCCGCGGGAGAGGGGCTCAATGAGCAGTTC	ASSQPAGEGLNEQF									-1.0	-1.0	-1.0		-1.0	-1.0	-1.0		-1.0	-1.0	-1.0		-1.0	-1.0	-1.0		-1.0	-1.0	-1.0		-1	-1	-1	-1	-1	-1	-1	-1	-1	-1	-1	-1	-1	-1	-1	-1	-1	-1	-1	-1	-1	-1	-1	-1	-1	-1	-1	-1	-1	-1	-1	-1	-1	-1	-1	-1	-1	-1	-1	-1	-1	-1	-1	-1																					-1	-1	-1	-1	-1	-1	-1	-1	-1	-1	-1	-1	-1	-1			-1	-1	-1	-1	-1									-1.0	1	0	m0000000000000000	0	m0000000000000000	no_signal		-1.0
									TRB		TRBV25-1*01			TRBJ1-2*01							TGTGCCAGTGAATCGAGGGGCTACACCTTC	CASESRGYTF											GCCAGTGAATCGAGGGGCTACACC	ASESRGYT									-1.0	-1.0	-1.0		-1.0	-1.0	-1.0		-1.0	-1.0	-1.0		-1.0	-1.0	-1.0		-1.0	-1.0	-1.0		-1	-1	-1	-1	-1	-1	-1	-1	-1	-1	-1	-1	-1	-1	-1	-1	-1	-1	-1	-1	-1	-1	-1	-1	-1	-1	-1	-1	-1	-1	-1	-1	-1	-1	-1	-1	-1	-1	-1	-1	-1	-1	-1	-1																					-1	-1	-1	-1	-1	-1	-1	-1	-1	-1	-1	-1	-1	-1			-1	-1	-1	-1	-1									-1.0	1	0	m0000000000	0	m0000000000	no_signal		-1.0
									TRB		TRBV12-4*01			TRBJ2-7*01							TGTGCCAGCAGTTCGACAGGGGAGACCTACGAGCAGTACTTC	CASSSTGETYEQYF											GCCAGCAGTTCGACAGGGGAGACCTACGAGCAGTAC	ASSSTGETYEQY									-1.0	-1.0	-1.0		-1.0	-1.0	-1.0		-1.0	-1.0	-1.0		-1.0	-1.0	-1.0		-1.0	-1.0	-1.0		-1	-1	-1	-1	-1	-1	-1	-1	-1	-1	-1	-1	-1	-1	-1	-1	-1	-1	-1	-1	-1	-1	-1	-1	-1	-1	-1	-1	-1	-1	-1	-1	-1	-1	-1	-1	-1	-1	-1	-1	-1	-1	-1	-1																					-1	-1	-1	-1	-1	-1	-1	-1	-1	-1	-1	-1	-1	-1			-1	-1	-1	-1	-1									-1.0	1	0	m00000000000000	0	m00000000000000	no_signal		-1.0
									TRB		TRBV28*01			TRBJ2-7*01							TGTGCAAAAGGGAAAACGGGACTAGCCTGCTACGAGCAGTACTTC	CAKGKTGLACYEQYF											GCAAAAGGGAAAACGGGACTAGCCTGCTACGAGCAGTAC	AKGKTGLACYEQY									-1.0	-1.0	-1.0		-1.0	-1.0	-1.0		-1.0	-1.0	-1.0		-1.0	-1.0	-1.0		-1.0	-1.0	-1.0		-1	-1	-1	-1	-1	-1	-1	-1	-1	-1	-1	-1	-1	-1	-1	-1	-1	-1	-1	-1	-1	-1	-1	-1	-1	-1	-1	-1	-1	-1	-1	-1	-1	-1	-1	-1	-1	-1	-1	-1	-1	-1	-1	-1																					-1	-1	-1	-1	-1	-1	-1	-1	-1	-1	-1	-1	-1	-1			-1	-1	-1	-1	-1									-1.0	1	0	m000000000000000	0	m000000000000000	no_signal		-1.0
									TRB		TRBV3-1*02			TRBJ1-1*01							TGTGCCAGCAGCCAAGAATTATGGCTCGGCCCACAGAACACTGAAGCTTTCTTT	CASSQELWLGPQNTEAFF											GCCAGCAGCCAAGAATTATGGCTCGGCCCACAGAACACTGAAGCTTTC	ASSQELWLGPQNTEAF									-1.0	-1.0	-1.0		-1.0	-1.0	-1.0		-1.0	-1.0	-1.0		-1.0	-1.0	-1.0		-1.0	-1.0	-1.0		-1	-1	-1	-1	-1	-1	-1	-1	-1	-1	-1	-1	-1	-1	-1	-1	-1	-1	-1	-1	-1	-1	-1	-1	-1	-1	-1	-1	-1	-1	-1	-1	-1	-1	-1	-1	-1	-1	-1	-1	-1	-1	-1	-1																					-1	-1	-1	-1	-1	-1	-1	-1	-1	-1	-1	-1	-1	-1			-1	-1	-1	-1	-1									-1.0	1	0	m000000000000000000	0	m000000000000000000	no_signal		-1.0
									TRB		TRBV4-1*01			TRBJ1-1*01							TGCGCCAGCAGCCAAGAACGTCTGGGACAGGGGAAAATTGAAGCTTTCTTT	CASSQERLGQGKIEAFF											GCCAGCAGCCAAGAACGTCTGGGACAGGGGAAAATTGAAGCTTTC	ASSQERLGQGKIEAF									-1.0	-1.0	-1.0		-1.0	-1.0	-1.0		-1.0	-1.0	-1.0		-1.0	-1.0	-1.0		-1.0	-1.0	-1.0		-1	-1	-1	-1	-1	-1	-1	-1	-1	-1	-1	-1	-1	-1	-1	-1	-1	-1	-1	-1	-1	-1	-1	-1	-1	-1	-1	-1	-1	-1	-1	-1	-1	-1	-1	-1	-1	-1	-1	-1	-1	-1	-1	-1																					-1	-1	-1	-1	-1	-1	-1	-1	-1	-1	-1	-1	-1	-1			-1	-1	-1	-1	-1									-1.0	1	0	m00000000000000000	0	m00000000000000000	no_signal		-1.0
									TRB		TRBV6-5*01			TRBJ2-1*01							TGTGCCAGCAGTTTCCGGGGGGATGGGACTAGCGGGGTCTTC	CASSFRGDGTSGVF											GCCAGCAGTTTCCGGGGGGATGGGACTAGCGGGGTC	ASSFRGDGTSGV									-1.0	-1.0	-1.0		-1.0	-1.0	-1.0		-1.0	-1.0	-1.0		-1.0	-1.0	-1.0		-1.0	-1.0	-1.0		-1	-1	-1	-1	-1	-1	-1	-1	-1	-1	-1	-1	-1	-1	-1	-1	-1	-1	-1	-1	-1	-1	-1	-1	-1	-1	-1	-1	-1	-1	-1	-1	-1	-1	-1	-1	-1	-1	-1	-1	-1	-1	-1	-1																					-1	-1	-1	-1	-1	-1	-1	-1	-1	-1	-1	-1	-1	-1			-1	-1	-1	-1	-1									-1.0	1	0	m00000000000000	0	m00000000000000	no_signal		-1.0
									TRB		TRBV14*01			TRBJ2-2*01							TGTGCCAGCAGCCGGATGACTAGCGACACCGGGGAGCTGTTTTTT	CASSRMTSDTGELFF											GCCAGCAGCCGGATGACTAGCGACACCGGGGAGCTGTTT	ASSRMTSDTGELF									-1.0	-1.0	-1.0		-1.0	-1.0	-1.0		-1.0	-1.0	-1.0		-1.0	-1.0	-1.0		-1.0	-1.0	-1.0		-1	-1	-1	-1	-1	-1	-1	-1	-1	-1	-1	-1	-1	-1	-1	-1	-1	-1	-1	-1	-1	-1	-1	-1	-1	-1	-1	-1	-1	-1	-1	-1	-1	-1	-1	-1	-1	-1	-1	-1	-1	-1	-1	-1																					-1	-1	-1	-1	-1	-1	-1	-1	-1	-1	-1	-1	-1	-1			-1	-1	-1	-1	-1									-1.0	1	0	m000000000000000	0	m000000000000000	no_signal		-1.0
									TRB		TRBV5-8*01			TRBJ1-5*01							TGTGCCAGCAGCTTCGGGATCGGACAGCCTCAGATTAGCAATCAGCCCCAGCATTTT	CASSFGIGQPQISNQPQHF											GCCAGCAGCTTCGGGATCGGACAGCCTCAGATTAGCAATCAGCCCCAGCAT	ASSFGIGQPQISNQPQH									-1.0	-1.0	-1.0		-1.0	-1.0	-1.0		-1.0	-1.0	-1.0		-1.0	-1.0	-1.0		-1.0	-1.0	-1.0		-1	-1	-1	-1	-1	-1	-1	-1	-1	-1	-1	-1	-1	-1	-1	-1	-1	-1	-1	-1	-1	-1	-1	-1	-1	-1	-1	-1	-1	-1	-1	-1	-1	-1	-1	-1	-1	-1	-1	-1	-1	-1	-1	-1																					-1	-1	-1	-1	-1	-1	-1	-1	-1	-1	-1	-1	-1	-1			-1	-1	-1	-1	-1									-1.0	1	0	m0000000000000000000	0	m0000000000000000000	no_signal		-1.0
									TRB		TRBV9*01			TRBJ2-7*01							TGTGCCAGCAGATACAGGGCACTCTACGAGCAGTACTTC	CASRYRALYEQYF											GCCAGCAGATACAGGGCACTCTACGAGCAGTAC	ASRYRALYEQY									-1.0	-1.0	-1.0		-1.0	-1.0	-1.0		-1.0	-1.0	-1.0		-1.0	-1.0	-1.0		-1.0	-1.0	-1.0		-1	-1	-1	-1	-1	-1	-1	-1	-1	-1	-1	-1	-1	-1	-1	-1	-1	-1	-1	-1	-1	-1	-1	-1	-1	-1	-1	-1	-1	-1	-1	-1	-1	-1	-1	-1	-1	-1	-1	-1	-1	-1	-1	-1																					-1	-1	-1	-1	-1	-1	-1	-1	-1	-1	-1	-1	-1	-1			-1	-1	-1	-1	-1									-1.0	1	0	m0000000000000	0	m0000000000000	no_signal		-1.0
									TRB		TRBV29-1*01			TRBJ2-4*01							TGCAGCAGGGGGCGGGTATTAGCCAAAAACATTCAGTACTTC	CSRGRVLAKNIQYF											AGCAGGGGGCGGGTATTAGCCAAAAACATTCAGTAC	SRGRVLAKNIQY									-1.0	-1.0	-1.0		-1.0	-1.0	-1.0		-1.0	-1.0	-1.0		-1.0	-1.0	-1.0		-1.0	-1.0	-1.0		-1	-1	-1	-1	-1	-1	-1	-1	-1	-1	-1	-1	-1	-1	-1	-1	-1	-1	-1	-1	-1	-1	-1	-1	-1	-1	-1	-1	-1	-1	-1	-1	-1	-1	-1	-1	-1	-1	-1	-1	-1	-1	-1	-1																					-1	-1	-1	-1	-1	-1	-1	-1	-1	-1	-1	-1	-1	-1			-1	-1	-1	-1	-1									-1.0	1	0	m00000000000000	0	m00000000000000	no_signal		-1.0
									TRB		TRBV27*01			TRBJ1-5*01							TGTGCCAGCAGCCCCAGCAAGCCCCAGCATTTT	CASSPSKPQHF											GCCAGCAGCCCCAGCAAGCCCCAGCAT	ASSPSKPQH									-1.0	-1.0	-1.0		-1.0	-1.0	-1.0		-1.0	-1.0	-1.0		-1.0	-1.0	-1.0		-1.0	-1.0	-1.0		-1	-1	-1	-1	-1	-1	-1	-1	-1	-1	-1	-1	-1	-1	-1	-1	-1	-1	-1	-1	-1	-1	-1	-1	-1	-1	-1	-1	-1	-1	-1	-1	-1	-1	-1	-1	-1	-1	-1	-1	-1	-1	-1	-1																					-1	-1	-1	-1	-1	-1	-1	-1	-1	-1	-1	-1	-1	-1			-1	-1	-1	-1	-1									-1.0	1	0	m00000000000	0	m00000000000	no_signal		-1.0
									TRB		TRBV6-2*01			TRBJ2-1*01							TGTGCCAGGGCCCTAGCCTCCTACAATGAGCAGTTCTTC	CARALASYNEQFF											GCCAGGGCCCTAGCCTCCTACAATGAGCAGTTC	ARALASYNEQF									-1.0	-1.0	-1.0		-1.0	-1.0	-1.0		-1.0	-1.0	-1.0		-1.0	-1.0	-1.0		-1.0	-1.0	-1.0		-1	-1	-1	-1	-1	-1	-1	-1	-1	-1	-1	-1	-1	-1	-1	-1	-1	-1	-1	-1	-1	-1	-1	-1	-1	-1	-1	-1	-1	-1	-1	-1	-1	-1	-1	-1	-1	-1	-1	-1	-1	-1	-1	-1																					-1	-1	-1	-1	-1	-1	-1	-1	-1	-1	-1	-1	-1	-1			-1	-1	-1	-1	-1									-1.0	1	0	m0000000000000	0	m0000000000000	no_signal		-1.0
									TRB		TRBV12-5*01			TRBJ1-5*01							TGTGCTAGTGGTTTACAGGGACAGCAGCCCCAGCATTTT	CASGLQGQQPQHF											GCTAGTGGTTTACAGGGACAGCAGCCCCAGCAT	ASGLQGQQPQH									-1.0	-1.0	-1.0		-1.0	-1.0	-1.0		-1.0	-1.0	-1.0		-1.0	-1.0	-1.0		-1.0	-1.0	-1.0		-1	-1	-1	-1	-1	-1	-1	-1	-1	-1	-1	-1	-1	-1	-1	-1	-1	-1	-1	-1	-1	-1	-1	-1	-1	-1	-1	-1	-1	-1	-1	-1	-1	-1	-1	-1	-1	-1	-1	-1	-1	-1	-1	-1																					-1	-1	-1	-1	-1	-1	-1	-1	-1	-1	-1	-1	-1	-1			-1	-1	-1	-1	-1									-1.0	1	0	m0000000000000	0	m0000000000000	no_signal		-1.0
									TRB		TRBV7-3*01			TRBJ2-1*01							TGTGCCAGCAGCCGGGACTGCAACTGCAATGAGCAGTTCTTC	CASSRDCNCNEQFF											GCCAGCAGCCGGGACTGCAACTGCAATGAGCAGTTC	ASSRDCNCNEQF									-1.0	-1.0	-1.0		-1.0	-1.0	-1.0		-1.0	-1.0	-1.0		-1.0	-1.0	-1.0		-1.0	-1.0	-1.0		-1	-1	-1	-1	-1	-1	-1	-1	-1	-1	-1	-1	-1	-1	-1	-1	-1	-1	-1	-1	-1	-1	-1	-1	-1	-1	-1	-1	-1	-1	-1	-1	-1	-1	-1	-1	-1	-1	-1	-1	-1	-1	-1	-1																					-1	-1	-1	-1	-1	-1	-1	-1	-1	-1	-1	-1	-1	-1			-1	-1	-1	-1	-1									-1.0	1	0	m00000000000000	0	m00000000000000	no_signal		-1.0
									TRB		TRBV29-1*01			TRBJ2-7*01							TGCAGCGTTGCCTCTGCCCGACTGCCTTACGAGCAGTACTTC	CSVASARLPYEQYF											AGCGTTGCCTCTGCCCGACTGCCTTACGAGCAGTAC	SVASARLPYEQY									-1.0	-1.0	-1.0		-1.0	-1.0	-1.0		-1.0	-1.0	-1.0		-1.0	-1.0	-1.0		-1.0	-1.0	-1.0		-1	-1	-1	-1	-1	-1	-1	-1	-1	-1	-1	-1	-1	-1	-1	-1	-1	-1	-1	-1	-1	-1	-1	-1	-1	-1	-1	-1	-1	-1	-1	-1	-1	-1	-1	-1	-1	-1	-1	-1	-1	-1	-1	-1																					-1	-1	-1	-1	-1	-1	-1	-1	-1	-1	-1	-1	-1	-1			-1	-1	-1	-1	-1									-1.0	1	0	m00000000000000	0	m00000000000000	no_signal		-1.0
									TRB		TRBV5-1*01			TRBJ1-4*01							TGCGCCAGCAGCTCTGCCGGGACTAGCGGGAGACCCAATGAAAAACTGTTTTTT	CASSSAGTSGRPNEKLFF											GCCAGCAGCTCTGCCGGGACTAGCGGGAGACCCAATGAAAAACTGTTT	ASSSAGTSGRPNEKLF									-1.0	-1.0	-1.0		-1.0	-1.0	-1.0		-1.0	-1.0	-1.0		-1.0	-1.0	-1.0		-1.0	-1.0	-1.0		-1	-1	-1	-1	-1	-1	-1	-1	-1	-1	-1	-1	-1	-1	-1	-1	-1	-1	-1	-1	-1	-1	-1	-1	-1	-1	-1	-1	-1	-1	-1	-1	-1	-1	-1	-1	-1	-1	-1	-1	-1	-1	-1	-1																					-1	-1	-1	-1	-1	-1	-1	-1	-1	-1	-1	-1	-1	-1			-1	-1	-1	-1	-1									-1.0	1	0	m000000000000000000	0	m000000000000000000	no_signal		-1.0
									TRB		TRBV6-5*01			TRBJ1-1*01							TGTGCCAGCACTACTCTGGGACAGGTGGGGAACACTGAAGCTTTCTTT	CASTTLGQVGNTEAFF											GCCAGCACTACTCTGGGACAGGTGGGGAACACTGAAGCTTTC	ASTTLGQVGNTEAF									-1.0	-1.0	-1.0		-1.0	-1.0	-1.0		-1.0	-1.0	-1.0		-1.0	-1.0	-1.0		-1.0	-1.0	-1.0		-1	-1	-1	-1	-1	-1	-1	-1	-1	-1	-1	-1	-1	-1	-1	-1	-1	-1	-1	-1	-1	-1	-1	-1	-1	-1	-1	-1	-1	-1	-1	-1	-1	-1	-1	-1	-1	-1	-1	-1	-1	-1	-1	-1																					-1	-1	-1	-1	-1	-1	-1	-1	-1	-1	-1	-1	-1	-1			-1	-1	-1	-1	-1									-1.0	1	0	m0000000000000000	0	m0000000000000000	no_signal		-1.0
									TRB		TRBV6-4*01			TRBJ2-5*01							TGTGCCAGCAGTGACCCCGGGTGGGGAGAGACCCAGTACTTC	CASSDPGWGETQYF											GCCAGCAGTGACCCCGGGTGGGGAGAGACCCAGTAC	ASSDPGWGETQY									-1.0	-1.0	-1.0		-1.0	-1.0	-1.0		-1.0	-1.0	-1.0		-1.0	-1.0	-1.0		-1.0	-1.0	-1.0		-1	-1	-1	-1	-1	-1	-1	-1	-1	-1	-1	-1	-1	-1	-1	-1	-1	-1	-1	-1	-1	-1	-1	-1	-1	-1	-1	-1	-1	-1	-1	-1	-1	-1	-1	-1	-1	-1	-1	-1	-1	-1	-1	-1																					-1	-1	-1	-1	-1	-1	-1	-1	-1	-1	-1	-1	-1	-1			-1	-1	-1	-1	-1									-1.0	1	0	m00000000000000	0	m00000000000000	no_signal		-1.0
									TRB		TRBV18*01			TRBJ2-7*01							TGTGCCAGCTCACCAACGACAGGGTATTACGAGCAGTACTTC	CASSPTTGYYEQYF											GCCAGCTCACCAACGACAGGGTATTACGAGCAGTAC	ASSPTTGYYEQY									-1.0	-1.0	-1.0		-1.0	-1.0	-1.0		-1.0	-1.0	-1.0		-1.0	-1.0	-1.0		-1.0	-1.0	-1.0		-1	-1	-1	-1	-1	-1	-1	-1	-1	-1	-1	-1	-1	-1	-1	-1	-1	-1	-1	-1	-1	-1	-1	-1	-1	-1	-1	-1	-1	-1	-1	-1	-1	-1	-1	-1	-1	-1	-1	-1	-1	-1	-1	-1																					-1	-1	-1	-1	-1	-1	-1	-1	-1	-1	-1	-1	-1	-1			-1	-1	-1	-1	-1									-1.0	1	0	m00000000000000	0	m00000000000000	no_signal		-1.0
									TRB		TRBV9*01			TRBJ2-7*01							TGTGCCAGCAGCCCCCGCGGGAGGGAGAGCTCCTACGAGCAGTACTTC	CASSPRGRESSYEQYF											GCCAGCAGCCCCCGCGGGAGGGAGAGCTCCTACGAGCAGTAC	ASSPRGRESSYEQY									-1.0	-1.0	-1.0		-1.0	-1.0	-1.0		-1.0	-1.0	-1.0		-1.0	-1.0	-1.0		-1.0	-1.0	-1.0		-1	-1	-1	-1	-1	-1	-1	-1	-1	-1	-1	-1	-1	-1	-1	-1	-1	-1	-1	-1	-1	-1	-1	-1	-1	-1	-1	-1	-1	-1	-1	-1	-1	-1	-1	-1	-1	-1	-1	-1	-1	-1	-1	-1																					-1	-1	-1	-1	-1	-1	-1	-1	-1	-1	-1	-1	-1	-1			-1	-1	-1	-1	-1									-1.0	1	0	m0000000000000000	0	m0000000000000000	no_signal		-1.0
									TRB		TRBV5-1*01			TRBJ2-5*01							TGCGCCAGCAGCTTGGGGCGTTGGATTCAAGAGACCCAGTACTTC	CASSLGRWIQETQYF											GCCAGCAGCTTGGGGCGTTGGATTCAAGAGACCCAGTAC	ASSLGRWIQETQY									-1.0	-1.0	-1.0		-1.0	-1.0	-1.0		-1.0	-1.0	-1.0		-1.0	-1.0	-1.0		-1.0	-1.0	-1.0		-1	-1	-1	-1	-1	-1	-1	-1	-1	-1	-1	-1	-1	-1	-1	-1	-1	-1	-1	-1	-1	-1	-1	-1	-1	-1	-1	-1	-1	-1	-1	-1	-1	-1	-1	-1	-1	-1	-1	-1	-1	-1	-1	-1																					-1	-1	-1	-1	-1	-1	-1	-1	-1	-1	-1	-1	-1	-1			-1	-1	-1	-1	-1									-1.0	1	0	m000000000000000	0	m000000000000000	no_signal		-1.0
									TRB		TRBV7-7*03			TRBJ2-3*01							TGTGCTAGCAGCTGCCCGAATCGCGGACCAGATACGCAGTATTTT	CASSCPNRGPDTQYF											GCTAGCAGCTGCCCGAATCGCGGACCAGATACGCAGTAT	ASSCPNRGPDTQY									-1.0	-1.0	-1.0		-1.0	-1.0	-1.0		-1.0	-1.0	-1.0		-1.0	-1.0	-1.0		-1.0	-1.0	-1.0		-1	-1	-1	-1	-1	-1	-1	-1	-1	-1	-1	-1	-1	-1	-1	-1	-1	-1	-1	-1	-1	-1	-1	-1	-1	-1	-1	-1	-1	-1	-1	-1	-1	-1	-1	-1	-1	-1	-1	-1	-1	-1	-1	-1																					-1	-1	-1	-1	-1	-1	-1	-1	-1	-1	-1	-1	-1	-1			-1	-1	-1	-1	-1									-1.0	1	0	m000000000000000	0	m000000000000000	no_signal		-1.0
									TRB		TRBV20-1*01			TRBJ1-2*01							TGCAGCATAGCAGATGGCTACACCTTC	CSIADGYTF											AGCATAGCAGATGGCTACACC	SIADGYT									-1.0	-1.0	-1.0		-1.0	-1.0	-1.0		-1.0	-1.0	-1.0		-1.0	-1.0	-1.0		-1.0	-1.0	-1.0		-1	-1	-1	-1	-1	-1	-1	-1	-1	-1	-1	-1	-1	-1	-1	-1	-1	-1	-1	-1	-1	-1	-1	-1	-1	-1	-1	-1	-1	-1	-1	-1	-1	-1	-1	-1	-1	-1	-1	-1	-1	-1	-1	-1																					-1	-1	-1	-1	-1	-1	-1	-1	-1	-1	-1	-1	-1	-1			-1	-1	-1	-1	-1									-1.0	1	0	m000000000	0	m000000000	no_signal		-1.0
									TRB		TRBV20-1*01			TRBJ1-4*01							TGCATTATCGGGACAGGGGACCAGTATGAAAAACTGTTTTTT	CIIGTGDQYEKLFF											ATTATCGGGACAGGGGACCAGTATGAAAAACTGTTT	IIGTGDQYEKLF									-1.0	-1.0	-1.0		-1.0	-1.0	-1.0		-1.0	-1.0	-1.0		-1.0	-1.0	-1.0		-1.0	-1.0	-1.0		-1	-1	-1	-1	-1	-1	-1	-1	-1	-1	-1	-1	-1	-1	-1	-1	-1	-1	-1	-1	-1	-1	-1	-1	-1	-1	-1	-1	-1	-1	-1	-1	-1	-1	-1	-1	-1	-1	-1	-1	-1	-1	-1	-1																					-1	-1	-1	-1	-1	-1	-1	-1	-1	-1	-1	-1	-1	-1			-1	-1	-1	-1	-1									-1.0	1	0	m00000000000000	0	m00000000000000	no_signal		-1.0
									TRB		TRBV6-5*01			TRBJ2-5*01							TGTGCCAGCATTTGTAGCGGGGTTGAGACCCAGTACTTC	CASICSGVETQYF											GCCAGCATTTGTAGCGGGGTTGAGACCCAGTAC	ASICSGVETQY									-1.0	-1.0	-1.0		-1.0	-1.0	-1.0		-1.0	-1.0	-1.0		-1.0	-1.0	-1.0		-1.0	-1.0	-1.0		-1	-1	-1	-1	-1	-1	-1	-1	-1	-1	-1	-1	-1	-1	-1	-1	-1	-1	-1	-1	-1	-1	-1	-1	-1	-1	-1	-1	-1	-1	-1	-1	-1	-1	-1	-1	-1	-1	-1	-1	-1	-1	-1	-1																					-1	-1	-1	-1	-1	-1	-1	-1	-1	-1	-1	-1	-1	-1			-1	-1	-1	-1	-1									-1.0	1	0	m0000000000000	0	m0000000000000	no_signal		-1.0
									TRB		TRBV12-5*01			TRBJ2-7*01							TGTGCTAGTGGCCCCCGTTTCGGGAGGCAGGGGAGCTCCTACGAGCAGTACTTC	CASGPRFGRQGSSYEQYF											GCTAGTGGCCCCCGTTTCGGGAGGCAGGGGAGCTCCTACGAGCAGTAC	ASGPRFGRQGSSYEQY									-1.0	-1.0	-1.0		-1.0	-1.0	-1.0		-1.0	-1.0	-1.0		-1.0	-1.0	-1.0		-1.0	-1.0	-1.0		-1	-1	-1	-1	-1	-1	-1	-1	-1	-1	-1	-1	-1	-1	-1	-1	-1	-1	-1	-1	-1	-1	-1	-1	-1	-1	-1	-1	-1	-1	-1	-1	-1	-1	-1	-1	-1	-1	-1	-1	-1	-1	-1	-1																					-1	-1	-1	-1	-1	-1	-1	-1	-1	-1	-1	-1	-1	-1			-1	-1	-1	-1	-1									-1.0	1	0	m000000000000000000	0	m000000000000000000	no_signal		-1.0
									TRB		TRBV27*01			TRBJ1-3*01							TGTGCCAGCAGCCAACCCGGGGAGTCCGGAAACACCATATATTTT	CASSQPGESGNTIYF											GCCAGCAGCCAACCCGGGGAGTCCGGAAACACCATATAT	ASSQPGESGNTIY									-1.0	-1.0	-1.0		-1.0	-1.0	-1.0		-1.0	-1.0	-1.0		-1.0	-1.0	-1.0		-1.0	-1.0	-1.0		-1	-1	-1	-1	-1	-1	-1	-1	-1	-1	-1	-1	-1	-1	-1	-1	-1	-1	-1	-1	-1	-1	-1	-1	-1	-1	-1	-1	-1	-1	-1	-1	-1	-1	-1	-1	-1	-1	-1	-1	-1	-1	-1	-1																					-1	-1	-1	-1	-1	-1	-1	-1	-1	-1	-1	-1	-1	-1			-1	-1	-1	-1	-1									-1.0	1	0	m000000000000000	0	m000000000000000	no_signal		-1.0
									TRB		TRBV3-1*01			TRBJ2-7*01							TGTGCCAGCAGCCAAATGGACCGGGACAGGGCCAGCGAGCAGTACTTC	CASSQMDRDRASEQYF											GCCAGCAGCCAAATGGACCGGGACAGGGCCAGCGAGCAGTAC	ASSQMDRDRASEQY									-1.0	-1.0	-1.0		-1.0	-1.0	-1.0		-1.0	-1.0	-1.0		-1.0	-1.0	-1.0		-1.0	-1.0	-1.0		-1	-1	-1	-1	-1	-1	-1	-1	-1	-1	-1	-1	-1	-1	-1	-1	-1	-1	-1	-1	-1	-1	-1	-1	-1	-1	-1	-1	-1	-1	-1	-1	-1	-1	-1	-1	-1	-1	-1	-1	-1	-1	-1	-1																					-1	-1	-1	-1	-1	-1	-1	-1	-1	-1	-1	-1	-1	-1			-1	-1	-1	-1	-1									-1.0	1	0	m0000000000000000	0	m0000000000000000	no_signal		-1.0
									TRB		TRBV7-9*04			TRBJ2-2*01							TGTGCCAGCAGCTTTGGGATAGAAGACTCCGGGGAGCTGTTTTTT	CASSFGIEDSGELFF											GCCAGCAGCTTTGGGATAGAAGACTCCGGGGAGCTGTTT	ASSFGIEDSGELF									-1.0	-1.0	-1.0		-1.0	-1.0	-1.0		-1.0	-1.0	-1.0		-1.0	-1.0	-1.0		-1.0	-1.0	-1.0		-1	-1	-1	-1	-1	-1	-1	-1	-1	-1	-1	-1	-1	-1	-1	-1	-1	-1	-1	-1	-1	-1	-1	-1	-1	-1	-1	-1	-1	-1	-1	-1	-1	-1	-1	-1	-1	-1	-1	-1	-1	-1	-1	-1																					-1	-1	-1	-1	-1	-1	-1	-1	-1	-1	-1	-1	-1	-1			-1	-1	-1	-1	-1									-1.0	1	0	m000000000000000	0	m000000000000000	no_signal		-1.0
									TRB		TRBV11-2*03			TRBJ2-2*01							TGTGCCAGCAGCACCGGGACCGGGGAGCTGTTTTTT	CASSTGTGELFF											GCCAGCAGCACCGGGACCGGGGAGCTGTTT	ASSTGTGELF									-1.0	-1.0	-1.0		-1.0	-1.0	-1.0		-1.0	-1.0	-1.0		-1.0	-1.0	-1.0		-1.0	-1.0	-1.0		-1	-1	-1	-1	-1	-1	-1	-1	-1	-1	-1	-1	-1	-1	-1	-1	-1	-1	-1	-1	-1	-1	-1	-1	-1	-1	-1	-1	-1	-1	-1	-1	-1	-1	-1	-1	-1	-1	-1	-1	-1	-1	-1	-1																					-1	-1	-1	-1	-1	-1	-1	-1	-1	-1	-1	-1	-1	-1			-1	-1	-1	-1	-1									-1.0	1	0	m000000000000	0	m000000000000	no_signal		-1.0
									TRB		TRBV30*02			TRBJ2-7*01							TGTGCCTGGGGGGTCATCTACGAGCAGTACTTC	CAWGVIYEQYF											GCCTGGGGGGTCATCTACGAGCAGTAC	AWGVIYEQY									-1.0	-1.0	-1.0		-1.0	-1.0	-1.0		-1.0	-1.0	-1.0		-1.0	-1.0	-1.0		-1.0	-1.0	-1.0		-1	-1	-1	-1	-1	-1	-1	-1	-1	-1	-1	-1	-1	-1	-1	-1	-1	-1	-1	-1	-1	-1	-1	-1	-1	-1	-1	-1	-1	-1	-1	-1	-1	-1	-1	-1	-1	-1	-1	-1	-1	-1	-1	-1																					-1	-1	-1	-1	-1	-1	-1	-1	-1	-1	-1	-1	-1	-1			-1	-1	-1	-1	-1									-1.0	1	0	m00000000000	0	m00000000000	no_signal		-1.0
									TRB		TRBV7-3*01			TRBJ1-4*01							TGTGCCAGCAGCCGGACAGGTAGACCCGAAAAACTGTTTTTT	CASSRTGRPEKLFF											GCCAGCAGCCGGACAGGTAGACCCGAAAAACTGTTT	ASSRTGRPEKLF									-1.0	-1.0	-1.0		-1.0	-1.0	-1.0		-1.0	-1.0	-1.0		-1.0	-1.0	-1.0		-1.0	-1.0	-1.0		-1	-1	-1	-1	-1	-1	-1	-1	-1	-1	-1	-1	-1	-1	-1	-1	-1	-1	-1	-1	-1	-1	-1	-1	-1	-1	-1	-1	-1	-1	-1	-1	-1	-1	-1	-1	-1	-1	-1	-1	-1	-1	-1	-1																					-1	-1	-1	-1	-1	-1	-1	-1	-1	-1	-1	-1	-1	-1			-1	-1	-1	-1	-1									-1.0	1	0	m00000000000000	0	m00000000000000	no_signal		-1.0
									TRB		TRBV6-6*01			TRBJ1-1*01							TGTGCCAGCAGTTACGTCCTCCCAAACGAAGCGAACACTGAAGCTTTCTTT	CASSYVLPNEANTEAFF											GCCAGCAGTTACGTCCTCCCAAACGAAGCGAACACTGAAGCTTTC	ASSYVLPNEANTEAF									-1.0	-1.0	-1.0		-1.0	-1.0	-1.0		-1.0	-1.0	-1.0		-1.0	-1.0	-1.0		-1.0	-1.0	-1.0		-1	-1	-1	-1	-1	-1	-1	-1	-1	-1	-1	-1	-1	-1	-1	-1	-1	-1	-1	-1	-1	-1	-1	-1	-1	-1	-1	-1	-1	-1	-1	-1	-1	-1	-1	-1	-1	-1	-1	-1	-1	-1	-1	-1																					-1	-1	-1	-1	-1	-1	-1	-1	-1	-1	-1	-1	-1	-1			-1	-1	-1	-1	-1									-1.0	1	0	m00000000000000000	0	m00000000000000000	no_signal		-1.0
									TRB		TRBV7-4*01			TRBJ1-2*01							TGTGCCAGCAGCTTAGGCAGGGAATTGGGCTACACCTTC	CASSLGRELGYTF											GCCAGCAGCTTAGGCAGGGAATTGGGCTACACC	ASSLGRELGYT									-1.0	-1.0	-1.0		-1.0	-1.0	-1.0		-1.0	-1.0	-1.0		-1.0	-1.0	-1.0		-1.0	-1.0	-1.0		-1	-1	-1	-1	-1	-1	-1	-1	-1	-1	-1	-1	-1	-1	-1	-1	-1	-1	-1	-1	-1	-1	-1	-1	-1	-1	-1	-1	-1	-1	-1	-1	-1	-1	-1	-1	-1	-1	-1	-1	-1	-1	-1	-1																					-1	-1	-1	-1	-1	-1	-1	-1	-1	-1	-1	-1	-1	-1			-1	-1	-1	-1	-1									-1.0	1	0	m0000000000000	0	m0000000000000	no_signal		-1.0
									TRB		TRBV14*01			TRBJ1-2*01							TGTGCCAGCAGCCAAGAGGAGCAGGGGAGGCCGCTAGGCTACACCTTC	CASSQEEQGRPLGYTF											GCCAGCAGCCAAGAGGAGCAGGGGAGGCCGCTAGGCTACACC	ASSQEEQGRPLGYT									-1.0	-1.0	-1.0		-1.0	-1.0	-1.0		-1.0	-1.0	-1.0		-1.0	-1.0	-1.0		-1.0	-1.0	-1.0		-1	-1	-1	-1	-1	-1	-1	-1	-1	-1	-1	-1	-1	-1	-1	-1	-1	-1	-1	-1	-1	-1	-1	-1	-1	-1	-1	-1	-1	-1	-1	-1	-1	-1	-1	-1	-1	-1	-1	-1	-1	-1	-1	-1																					-1	-1	-1	-1	-1	-1	-1	-1	-1	-1	-1	-1	-1	-1			-1	-1	-1	-1	-1									-1.0	1	0	m0000000000000000	0	m0000000000000000	no_signal		-1.0
									TRB		TRBV15*02			TRBJ2-7*01							TGTGCCACCAGCAGCTGCGTAGGGTACGAGCAGTACTTC	CATSSCVGYEQYF											GCCACCAGCAGCTGCGTAGGGTACGAGCAGTAC	ATSSCVGYEQY									-1.0	-1.0	-1.0		-1.0	-1.0	-1.0		-1.0	-1.0	-1.0		-1.0	-1.0	-1.0		-1.0	-1.0	-1.0		-1	-1	-1	-1	-1	-1	-1	-1	-1	-1	-1	-1	-1	-1	-1	-1	-1	-1	-1	-1	-1	-1	-1	-1	-1	-1	-1	-1	-1	-1	-1	-1	-1	-1	-1	-1	-1	-1	-1	-1	-1	-1	-1	-1																					-1	-1	-1	-1	-1	-1	-1	-1	-1	-1	-1	-1	-1	-1			-1	-1	-1	-1	-1									-1.0	1	0	m0000000000000	0	m0000000000000	no_signal		-1.0
									TRB		TRBV7-2*02			TRBJ2-7*01							TGTGCCAGCAGCTTTAGGGGGTACGAGCAGTACTTC	CASSFRGYEQYF											GCCAGCAGCTTTAGGGGGTACGAGCAGTAC	ASSFRGYEQY									-1.0	-1.0	-1.0		-1.0	-1.0	-1.0		-1.0	-1.0	-1.0		-1.0	-1.0	-1.0		-1.0	-1.0	-1.0		-1	-1	-1	-1	-1	-1	-1	-1	-1	-1	-1	-1	-1	-1	-1	-1	-1	-1	-1	-1	-1	-1	-1	-1	-1	-1	-1	-1	-1	-1	-1	-1	-1	-1	-1	-1	-1	-1	-1	-1	-1	-1	-1	-1																					-1	-1	-1	-1	-1	-1	-1	-1	-1	-1	-1	-1	-1	-1			-1	-1	-1	-1	-1									-1.0	1	0	m000000000000	0	m000000000000	no_signal		-1.0
									TRB		TRBV6-6*01			TRBJ1-2*01							TGTGCCAGTCTAGAGGGACAGGGGGCGTATGGCTACACCTTC	CASLEGQGAYGYTF											GCCAGTCTAGAGGGACAGGGGGCGTATGGCTACACC	ASLEGQGAYGYT									-1.0	-1.0	-1.0		-1.0	-1.0	-1.0		-1.0	-1.0	-1.0		-1.0	-1.0	-1.0		-1.0	-1.0	-1.0		-1	-1	-1	-1	-1	-1	-1	-1	-1	-1	-1	-1	-1	-1	-1	-1	-1	-1	-1	-1	-1	-1	-1	-1	-1	-1	-1	-1	-1	-1	-1	-1	-1	-1	-1	-1	-1	-1	-1	-1	-1	-1	-1	-1																					-1	-1	-1	-1	-1	-1	-1	-1	-1	-1	-1	-1	-1	-1			-1	-1	-1	-1	-1									-1.0	1	0	m00000000000000	0	m00000000000000	no_signal		-1.0
									TRB		TRBV20-1*01			TRBJ2-5*01							TGCAGTGCTAGAGATCAAAAACGCAGGTACCAAGAGACCCAGTACTTC	CSARDQKRRYQETQYF											AGTGCTAGAGATCAAAAACGCAGGTACCAAGAGACCCAGTAC	SARDQKRRYQETQY									-1.0	-1.0	-1.0		-1.0	-1.0	-1.0		-1.0	-1.0	-1.0		-1.0	-1.0	-1.0		-1.0	-1.0	-1.0		-1	-1	-1	-1	-1	-1	-1	-1	-1	-1	-1	-1	-1	-1	-1	-1	-1	-1	-1	-1	-1	-1	-1	-1	-1	-1	-1	-1	-1	-1	-1	-1	-1	-1	-1	-1	-1	-1	-1	-1	-1	-1	-1	-1																					-1	-1	-1	-1	-1	-1	-1	-1	-1	-1	-1	-1	-1	-1			-1	-1	-1	-1	-1									-1.0	1	0	m0000000000000000	0	m0000000000000000	no_signal		-1.0
									TRB		TRBV7-9*06			TRBJ2-7*01							TGTGCCAGCAGCTTATTATGGCCAGCGGGGGAAGTGTATGAGCAGTACTTC	CASSLLWPAGEVYEQYF											GCCAGCAGCTTATTATGGCCAGCGGGGGAAGTGTATGAGCAGTAC	ASSLLWPAGEVYEQY									-1.0	-1.0	-1.0		-1.0	-1.0	-1.0		-1.0	-1.0	-1.0		-1.0	-1.0	-1.0		-1.0	-1.0	-1.0		-1	-1	-1	-1	-1	-1	-1	-1	-1	-1	-1	-1	-1	-1	-1	-1	-1	-1	-1	-1	-1	-1	-1	-1	-1	-1	-1	-1	-1	-1	-1	-1	-1	-1	-1	-1	-1	-1	-1	-1	-1	-1	-1	-1																					-1	-1	-1	-1	-1	-1	-1	-1	-1	-1	-1	-1	-1	-1			-1	-1	-1	-1	-1									-1.0	1	0	m00000000000000000	0	m00000000000000000	no_signal		-1.0
