filename,identifier,signal_with_pgen_outlier,subject_id
repertoires\b02ec3c778de403d9c348aa2941ab193.tsv,b02ec3c778de403d9c348aa2941ab193,True,rep1
repertoires\bbb36b3256cc4376a3f4e2172640a460.tsv,bbb36b3256cc4376a3f4e2172640a460,True,rep2
repertoires\32c9189a5ea444c4b8b4f5e5f60a73c8.tsv,32c9189a5ea444c4b8b4f5e5f60a73c8,True,rep3
repertoires\df2dbf5903ca42a08f36fbd7385edefa.tsv,df2dbf5903ca42a08f36fbd7385edefa,True,rep4
repertoires\ecb7e0069d6b419e869470fda419f13d.tsv,ecb7e0069d6b419e869470fda419f13d,True,rep5
repertoires\98854ba52ece4bc296c9c51f2a23cc26.tsv,98854ba52ece4bc296c9c51f2a23cc26,False,rep6
repertoires\24bdf111c3d846328151c5ada178e84c.tsv,24bdf111c3d846328151c5ada178e84c,False,rep7
repertoires\572c5f8a8d5f4e8b94616c95ed0657f3.tsv,572c5f8a8d5f4e8b94616c95ed0657f3,False,rep8
repertoires\70cee481d56f4747927dd0cb28706f2b.tsv,70cee481d56f4747927dd0cb28706f2b,False,rep9
repertoires\70df3a666b294103a550c653be26c90d.tsv,70df3a666b294103a550c653be26c90d,False,rep10
repertoires\4b5d2142a4134dc69eba633eaf0388f7.tsv,4b5d2142a4134dc69eba633eaf0388f7,False,rep11
repertoires\a34ffe0c9946445a8fafcc3afdeed289.tsv,a34ffe0c9946445a8fafcc3afdeed289,False,rep12
repertoires\e8c37917f63340b9ace8e7bf4be50861.tsv,e8c37917f63340b9ace8e7bf4be50861,False,rep13
repertoires\86c6b8232f2747e38fa60cf3edd3cb17.tsv,86c6b8232f2747e38fa60cf3edd3cb17,False,rep14
repertoires\6b2f569b9f8546f795fdbe925c585771.tsv,6b2f569b9f8546f795fdbe925c585771,False,rep15
repertoires\d2fea59d12734192a6c07e14ae24ef39.tsv,d2fea59d12734192a6c07e14ae24ef39,False,rep16
repertoires\5720d67254b24d5495afbb18bee073ee.tsv,5720d67254b24d5495afbb18bee073ee,False,rep17
repertoires\5e1f8274b50f4901836c22e8ff7ae62c.tsv,5e1f8274b50f4901836c22e8ff7ae62c,False,rep18
repertoires\aea57da2ee054da890fb417e409e87fb.tsv,aea57da2ee054da890fb417e409e87fb,False,rep19
repertoires\311bf3bb3b6948529431111ec49de109.tsv,311bf3bb3b6948529431111ec49de109,False,rep20
repertoires\3032c101a33d4e74a182192be090982a.tsv,3032c101a33d4e74a182192be090982a,False,rep21
repertoires\0a2a4a3a56ba41b3828a2d0bff5799b8.tsv,0a2a4a3a56ba41b3828a2d0bff5799b8,False,rep22
repertoires\ea3cc95f94ed41448581156edf2e470d.tsv,ea3cc95f94ed41448581156edf2e470d,False,rep23
repertoires\1403a8398a054e23a1e86367de2c70f7.tsv,1403a8398a054e23a1e86367de2c70f7,False,rep24
repertoires\efec0aa08a82411cbee7331609794281.tsv,efec0aa08a82411cbee7331609794281,False,rep25
repertoires\8cd2deac8ee741e1a3dbb400bf35bc09.tsv,8cd2deac8ee741e1a3dbb400bf35bc09,False,rep26
repertoires\94ca40839c1d465995103683eb7f61cf.tsv,94ca40839c1d465995103683eb7f61cf,False,rep27
repertoires\bbbfbfaf1a344e99b38fe75623a01000.tsv,bbbfbfaf1a344e99b38fe75623a01000,False,rep28
repertoires\228858e7d90847c38bc218d4561845f0.tsv,228858e7d90847c38bc218d4561845f0,False,rep29
repertoires\7d74da2046f646488a002f6b1951e629.tsv,7d74da2046f646488a002f6b1951e629,False,rep30
repertoires\79307d03477b46c2961556d2ad57012a.tsv,79307d03477b46c2961556d2ad57012a,False,rep31
repertoires\9330a847cf9f4663957eca5b400b96ba.tsv,9330a847cf9f4663957eca5b400b96ba,False,rep32
repertoires\973daaa739f2460580988738ffb7990f.tsv,973daaa739f2460580988738ffb7990f,False,rep33
repertoires\a25fa1a95efa4a7f8944ae635a14b268.tsv,a25fa1a95efa4a7f8944ae635a14b268,False,rep34
repertoires\1a1adf2c6b8d44b6bf917eddc36e0d58.tsv,1a1adf2c6b8d44b6bf917eddc36e0d58,False,rep35
repertoires\0d0f975f6b2e4c51abc28989bb4bbf0f.tsv,0d0f975f6b2e4c51abc28989bb4bbf0f,False,rep36
repertoires\c3660b42fc9f453cb1a9fe8e59b23927.tsv,c3660b42fc9f453cb1a9fe8e59b23927,False,rep37
repertoires\4f14aa9ab95541ce9a2a7afed949360c.tsv,4f14aa9ab95541ce9a2a7afed949360c,False,rep38
repertoires\3dc2aedb3364448e83fdec107f8e16a6.tsv,3dc2aedb3364448e83fdec107f8e16a6,False,rep39
repertoires\9137015d4a714289a0059eed8361db97.tsv,9137015d4a714289a0059eed8361db97,False,rep40
repertoires\0135feccb962408ab35a898cf7df05f8.tsv,0135feccb962408ab35a898cf7df05f8,False,rep41
repertoires\7559ee8af66347adb2c2df8f9479f2bd.tsv,7559ee8af66347adb2c2df8f9479f2bd,False,rep42
repertoires\a89151867dad48b0b64fdc77ccf2c983.tsv,a89151867dad48b0b64fdc77ccf2c983,False,rep43
repertoires\62db5fbf724b4f858b7e7208ef9559e1.tsv,62db5fbf724b4f858b7e7208ef9559e1,False,rep44
repertoires\2c3ee61ead0e40f294321c5035b031e1.tsv,2c3ee61ead0e40f294321c5035b031e1,False,rep45
repertoires\517934fe7a9e43cb8c8ee1a46ebad5db.tsv,517934fe7a9e43cb8c8ee1a46ebad5db,False,rep46
repertoires\eff12a0dcfa04b8fb6e66c143efb7312.tsv,eff12a0dcfa04b8fb6e66c143efb7312,False,rep47
repertoires\4b958fa1a0694f2aaefeeb36619c10f3.tsv,4b958fa1a0694f2aaefeeb36619c10f3,False,rep48
repertoires\3fec9104c789442f81141c41dba1e8ba.tsv,3fec9104c789442f81141c41dba1e8ba,False,rep49
repertoires\18d2a737e9bd40849fe43e36d7fea8a7.tsv,18d2a737e9bd40849fe43e36d7fea8a7,False,rep50
repertoires\ad1469b53f564f64a9e26350a36bb72f.tsv,ad1469b53f564f64a9e26350a36bb72f,False,rep51
repertoires\d2424f86a6a84bd7994cd40f96ab2ff3.tsv,d2424f86a6a84bd7994cd40f96ab2ff3,False,rep52
repertoires\46513e46b0e541109ecf07660c1307c6.tsv,46513e46b0e541109ecf07660c1307c6,False,rep53
repertoires\7a729bdaeef3475bb761db6e766bd01c.tsv,7a729bdaeef3475bb761db6e766bd01c,False,rep54
repertoires\8976f86dd7f54daea6e24fd61561dbfc.tsv,8976f86dd7f54daea6e24fd61561dbfc,False,rep55
repertoires\d588fc296b7b431492791eb53b51c538.tsv,d588fc296b7b431492791eb53b51c538,False,rep56
repertoires\cae0c0a7b802466eb652ebda1b12d10d.tsv,cae0c0a7b802466eb652ebda1b12d10d,False,rep57
repertoires\687379cc7ab44ddbb39a14aa4b7d2c6d.tsv,687379cc7ab44ddbb39a14aa4b7d2c6d,False,rep58
repertoires\ac04bf1ee726434ebed4b9a579429952.tsv,ac04bf1ee726434ebed4b9a579429952,False,rep59
repertoires\0c8e3f7b4b014ef1a3878cc588b29dce.tsv,0c8e3f7b4b014ef1a3878cc588b29dce,False,rep60
repertoires\b0631a3830fb4b6582bf8c003299ca56.tsv,b0631a3830fb4b6582bf8c003299ca56,False,rep61
repertoires\18e89a01d45b427a9eccb493e1822a20.tsv,18e89a01d45b427a9eccb493e1822a20,False,rep62
repertoires\a8c75db555a84724922b4408bfe7b4ab.tsv,a8c75db555a84724922b4408bfe7b4ab,False,rep63
repertoires\bee46e4060a940bb9e300d1d35e2181d.tsv,bee46e4060a940bb9e300d1d35e2181d,False,rep64
repertoires\4c7d8a7f466d42129e3626d6336f64bf.tsv,4c7d8a7f466d42129e3626d6336f64bf,False,rep65
repertoires\ae1ae8c0e9de4d0fbfa12b0a3966d68a.tsv,ae1ae8c0e9de4d0fbfa12b0a3966d68a,False,rep66
repertoires\3f9e3f1cb4f64fd49704fc2ec8711116.tsv,3f9e3f1cb4f64fd49704fc2ec8711116,False,rep67
repertoires\b5116500ca9348939e441b89807b3c3e.tsv,b5116500ca9348939e441b89807b3c3e,False,rep68
repertoires\cd5cba53e59a4ef3b11a8d6819c5a8e0.tsv,cd5cba53e59a4ef3b11a8d6819c5a8e0,False,rep69
repertoires\58f7939047f7430fa91853ddeebc5865.tsv,58f7939047f7430fa91853ddeebc5865,False,rep70
repertoires\d2b4a7256f0d4c41b40117b4ef67c215.tsv,d2b4a7256f0d4c41b40117b4ef67c215,False,rep71
repertoires\c8714e8b29f2482a8a7a41bf2390785c.tsv,c8714e8b29f2482a8a7a41bf2390785c,False,rep72
repertoires\5f1855bb0be54192a7d409435693cfc6.tsv,5f1855bb0be54192a7d409435693cfc6,False,rep73
repertoires\b14bebe0f46e49fcb1efef983cd4c7d1.tsv,b14bebe0f46e49fcb1efef983cd4c7d1,False,rep74
repertoires\0b9856c9b5be41788f69be6bf134218a.tsv,0b9856c9b5be41788f69be6bf134218a,False,rep75
repertoires\ca269ee4c814494481055252b16345fe.tsv,ca269ee4c814494481055252b16345fe,False,rep76
repertoires\7af86e769c0b4d6eb5d91cc0632a26a9.tsv,7af86e769c0b4d6eb5d91cc0632a26a9,False,rep77
repertoires\61298146e65d4d2fa2390d4accc6bb97.tsv,61298146e65d4d2fa2390d4accc6bb97,False,rep78
repertoires\5dd4dd31d3ab402aba858dfbda11c1d6.tsv,5dd4dd31d3ab402aba858dfbda11c1d6,False,rep79
repertoires\56ba01569d4e4990829f445d98a7084e.tsv,56ba01569d4e4990829f445d98a7084e,False,rep80
repertoires\acc7968ceb5746c49d610f1993723432.tsv,acc7968ceb5746c49d610f1993723432,False,rep81
repertoires\6da2214905fd494893f043a0a25b9b2a.tsv,6da2214905fd494893f043a0a25b9b2a,False,rep82
repertoires\c268d428cb0c4f83a59d058b7b37cd80.tsv,c268d428cb0c4f83a59d058b7b37cd80,False,rep83
repertoires\18280b8de3b041ddb4e3d011541e8035.tsv,18280b8de3b041ddb4e3d011541e8035,False,rep84
repertoires\d217391386b64bb48dbb88c97a95ef9b.tsv,d217391386b64bb48dbb88c97a95ef9b,False,rep85
repertoires\c74d0e627df94373b0ca462194ea136d.tsv,c74d0e627df94373b0ca462194ea136d,False,rep86
repertoires\4fe0bae18c0943089ee51922cdbfef6a.tsv,4fe0bae18c0943089ee51922cdbfef6a,False,rep87
repertoires\d30c710a4cc5411fbc028c03d960d408.tsv,d30c710a4cc5411fbc028c03d960d408,False,rep88
repertoires\05cf4a9ac0394249bd20ca87586d7596.tsv,05cf4a9ac0394249bd20ca87586d7596,False,rep89
repertoires\361cf1bf218e4cc0abfe41e28fbc120d.tsv,361cf1bf218e4cc0abfe41e28fbc120d,False,rep90
repertoires\9bdd7dfcd6e940ff89a1e68828b4d01a.tsv,9bdd7dfcd6e940ff89a1e68828b4d01a,False,rep91
repertoires\2b6c356375704970ba26c29e1395fa4a.tsv,2b6c356375704970ba26c29e1395fa4a,False,rep92
repertoires\cfcefa3420474b508f94d85810a997bc.tsv,cfcefa3420474b508f94d85810a997bc,False,rep93
repertoires\1baa42328f8045289b98f327acef45a8.tsv,1baa42328f8045289b98f327acef45a8,False,rep94
repertoires\5204fd74465346f9b9ce79054221cf94.tsv,5204fd74465346f9b9ce79054221cf94,False,rep95
repertoires\c7e1111245f443448574a6a1df2659ff.tsv,c7e1111245f443448574a6a1df2659ff,False,rep96
repertoires\4db7b634364b4f068a475cb136e82183.tsv,4db7b634364b4f068a475cb136e82183,False,rep97
repertoires\32dd4d5dc9444d56a492be89e76e33d8.tsv,32dd4d5dc9444d56a492be89e76e33d8,False,rep98
repertoires\42a6bc0a897e4b86be691898eec97874.tsv,42a6bc0a897e4b86be691898eec97874,False,rep99
repertoires\5a66224776b24ec999dcbc50e3a45571.tsv,5a66224776b24ec999dcbc50e3a45571,False,rep100
