filename,identifier,signal_with_pgen_outlier,subject_id
repertoires\e3f1694a3e924d37a36e8ec0a945ed68.tsv,e3f1694a3e924d37a36e8ec0a945ed68,True,rep1
repertoires\33cd0626aff643a690ae718755bfcbba.tsv,33cd0626aff643a690ae718755bfcbba,True,rep2
repertoires\36f3b4dac908410d84970f5c9b22e97e.tsv,36f3b4dac908410d84970f5c9b22e97e,True,rep3
repertoires\660938a581354571ad148b68eebbf38a.tsv,660938a581354571ad148b68eebbf38a,True,rep4
repertoires\9cb781fd0419405fb4609658ccfdbebf.tsv,9cb781fd0419405fb4609658ccfdbebf,True,rep5
repertoires\8ce3842819c44bd4beb112d0c654c58a.tsv,8ce3842819c44bd4beb112d0c654c58a,False,rep6
repertoires\1c8e6c183a5f4a74ae606a62a535c107.tsv,1c8e6c183a5f4a74ae606a62a535c107,False,rep7
repertoires\dca5afeb3449454484c08da771c32b1b.tsv,dca5afeb3449454484c08da771c32b1b,False,rep8
repertoires\ff834072d58548f5bb15e0c299abae1c.tsv,ff834072d58548f5bb15e0c299abae1c,False,rep9
repertoires\9be86bdabe954e658ee927956b418482.tsv,9be86bdabe954e658ee927956b418482,False,rep10
repertoires\e0194ae96b324150a939bc07dfcc2ac9.tsv,e0194ae96b324150a939bc07dfcc2ac9,False,rep11
repertoires\8afe7eb297d34a07a8ab5ba9fcc1e895.tsv,8afe7eb297d34a07a8ab5ba9fcc1e895,False,rep12
repertoires\d5e98f595c9449049c52fd76ff4cddab.tsv,d5e98f595c9449049c52fd76ff4cddab,False,rep13
repertoires\0c4ce63aebbf4ece8dfa3f3a09eb3852.tsv,0c4ce63aebbf4ece8dfa3f3a09eb3852,False,rep14
repertoires\a56e18f5fba149d2bf2b0f8983191eb3.tsv,a56e18f5fba149d2bf2b0f8983191eb3,False,rep15
repertoires\ab1115c4233e4dfd9cc3eca17dfdb7b1.tsv,ab1115c4233e4dfd9cc3eca17dfdb7b1,False,rep16
repertoires\08da235e72d1400cb4645166bdd515ef.tsv,08da235e72d1400cb4645166bdd515ef,False,rep17
repertoires\222cb632fe4647049271706caae9499c.tsv,222cb632fe4647049271706caae9499c,False,rep18
repertoires\bc80c67af373457f8f3596c2bd9686b1.tsv,bc80c67af373457f8f3596c2bd9686b1,False,rep19
repertoires\0fe9a86479be4667ae13b9689fb94c48.tsv,0fe9a86479be4667ae13b9689fb94c48,False,rep20
repertoires\d66e41586bc84dc9bc0f163771e7d62c.tsv,d66e41586bc84dc9bc0f163771e7d62c,False,rep21
repertoires\63abdd9dde914d0eb53fb44ef80575f9.tsv,63abdd9dde914d0eb53fb44ef80575f9,False,rep22
repertoires\7772db4cc1a9430c8b52b756e987cbb6.tsv,7772db4cc1a9430c8b52b756e987cbb6,False,rep23
repertoires\28cec72cd885409286bcdd46a9ea52f3.tsv,28cec72cd885409286bcdd46a9ea52f3,False,rep24
repertoires\5cbfba7ca6554683bf394929d419372b.tsv,5cbfba7ca6554683bf394929d419372b,False,rep25
repertoires\dff57d21e7eb4d63adef7ca22e5118b4.tsv,dff57d21e7eb4d63adef7ca22e5118b4,False,rep26
repertoires\1038a30bd2f244918a86ba12199a758c.tsv,1038a30bd2f244918a86ba12199a758c,False,rep27
repertoires\228763a6a43041c09f6317e853ad741b.tsv,228763a6a43041c09f6317e853ad741b,False,rep28
repertoires\4bea64e332ae4930929f5e4623480d38.tsv,4bea64e332ae4930929f5e4623480d38,False,rep29
repertoires\8d034df9e4a04071ba9df65bee0d8239.tsv,8d034df9e4a04071ba9df65bee0d8239,False,rep30
repertoires\6bbbadc389ab480daa002a6971cd9bdb.tsv,6bbbadc389ab480daa002a6971cd9bdb,False,rep31
repertoires\dd8d5e37c61942399046a477c618ad5a.tsv,dd8d5e37c61942399046a477c618ad5a,False,rep32
repertoires\304361e3a4974718aaa4f806a414e857.tsv,304361e3a4974718aaa4f806a414e857,False,rep33
repertoires\494783aba6324d14818be3e99a29df27.tsv,494783aba6324d14818be3e99a29df27,False,rep34
repertoires\a03b7e50dbff43fa9b89e5c9e3b18918.tsv,a03b7e50dbff43fa9b89e5c9e3b18918,False,rep35
repertoires\5c5e872cd3e9484a884f77acc0e0d83e.tsv,5c5e872cd3e9484a884f77acc0e0d83e,False,rep36
repertoires\8102945d8b4d4216b60807627aeefa59.tsv,8102945d8b4d4216b60807627aeefa59,False,rep37
repertoires\a06e690931494cf9bb7377d294acc66c.tsv,a06e690931494cf9bb7377d294acc66c,False,rep38
repertoires\93fa4b0e97ae42789bd29fc6b94f8606.tsv,93fa4b0e97ae42789bd29fc6b94f8606,False,rep39
repertoires\0f2251c05f0a488bbffb5009d0775a3a.tsv,0f2251c05f0a488bbffb5009d0775a3a,False,rep40
repertoires\627cd213d3c0441186f50e34e265939d.tsv,627cd213d3c0441186f50e34e265939d,False,rep41
repertoires\138d456a5ba24f5181c66e80807be226.tsv,138d456a5ba24f5181c66e80807be226,False,rep42
repertoires\1df04433788743d48f10753dab51adb0.tsv,1df04433788743d48f10753dab51adb0,False,rep43
repertoires\999acece5ee248cf91cf078ad0122a97.tsv,999acece5ee248cf91cf078ad0122a97,False,rep44
repertoires\801c694abef149949db44c5aad475b1d.tsv,801c694abef149949db44c5aad475b1d,False,rep45
repertoires\8be4ad4624824095b974ac06203f7ff6.tsv,8be4ad4624824095b974ac06203f7ff6,False,rep46
repertoires\c6d8a104372d4228b5cce047f702c8cb.tsv,c6d8a104372d4228b5cce047f702c8cb,False,rep47
repertoires\74e16a60f1674eb2b4f4da2b107d537e.tsv,74e16a60f1674eb2b4f4da2b107d537e,False,rep48
repertoires\052c4b3fa537494f9f885e8db02c2105.tsv,052c4b3fa537494f9f885e8db02c2105,False,rep49
repertoires\538e2344d6314917ae05836e2402e1c0.tsv,538e2344d6314917ae05836e2402e1c0,False,rep50
repertoires\4d473de5a718476e870a0b6eb9ad0cb3.tsv,4d473de5a718476e870a0b6eb9ad0cb3,False,rep51
repertoires\b16bbc24f97a4ee1b199efe0024e7675.tsv,b16bbc24f97a4ee1b199efe0024e7675,False,rep52
repertoires\7c5d1fa5b65c424ab9aaef1f9b3f51af.tsv,7c5d1fa5b65c424ab9aaef1f9b3f51af,False,rep53
repertoires\e7671b4253924ed9a3e0084c8d58b1c2.tsv,e7671b4253924ed9a3e0084c8d58b1c2,False,rep54
repertoires\535baf4bc6a24324a135528e2b84fdb7.tsv,535baf4bc6a24324a135528e2b84fdb7,False,rep55
repertoires\b3b6d10370534f35b547ba9ce1bf6b05.tsv,b3b6d10370534f35b547ba9ce1bf6b05,False,rep56
repertoires\6e3bf2c3980a4fb783d94fa2b06f8ca8.tsv,6e3bf2c3980a4fb783d94fa2b06f8ca8,False,rep57
repertoires\e8e14d9886a444888768db78649b5710.tsv,e8e14d9886a444888768db78649b5710,False,rep58
repertoires\595365ab2df24d7db040055aab010a51.tsv,595365ab2df24d7db040055aab010a51,False,rep59
repertoires\2ca4cb04a19e44feadf326094ebd3e62.tsv,2ca4cb04a19e44feadf326094ebd3e62,False,rep60
repertoires\471eab43f6a54c3592b3550913e2ccca.tsv,471eab43f6a54c3592b3550913e2ccca,False,rep61
repertoires\7d61fa31bd2d4857b8d9a6f2f95fd6ff.tsv,7d61fa31bd2d4857b8d9a6f2f95fd6ff,False,rep62
repertoires\789029f4cc8c428293dc12b1efb7ceef.tsv,789029f4cc8c428293dc12b1efb7ceef,False,rep63
repertoires\324fe0d5b545483dbde2563d0fdae11b.tsv,324fe0d5b545483dbde2563d0fdae11b,False,rep64
repertoires\1183bcf234964d92a66d348865cb36c4.tsv,1183bcf234964d92a66d348865cb36c4,False,rep65
repertoires\ddfcb114989f4fb1800e9f3e007ff175.tsv,ddfcb114989f4fb1800e9f3e007ff175,False,rep66
repertoires\e50d517aa7174ea38799bab1871da2b0.tsv,e50d517aa7174ea38799bab1871da2b0,False,rep67
repertoires\dad12a2ef30645229be8bca78c1f69fa.tsv,dad12a2ef30645229be8bca78c1f69fa,False,rep68
repertoires\05dc1023636b48269608f6b3e151102b.tsv,05dc1023636b48269608f6b3e151102b,False,rep69
repertoires\1c80f4b84aed439aae880d05e3d9fbfd.tsv,1c80f4b84aed439aae880d05e3d9fbfd,False,rep70
repertoires\f23e061577f249a6aa9386e14b718f29.tsv,f23e061577f249a6aa9386e14b718f29,False,rep71
repertoires\98e0795f98524bb186bf21a61bfd8019.tsv,98e0795f98524bb186bf21a61bfd8019,False,rep72
repertoires\17aa7b6c53064fc68a517a2647019aba.tsv,17aa7b6c53064fc68a517a2647019aba,False,rep73
repertoires\13fc42c0c206444c8443cc42d6aa020e.tsv,13fc42c0c206444c8443cc42d6aa020e,False,rep74
repertoires\49d52a9c96ef4228bccf192daca8fe82.tsv,49d52a9c96ef4228bccf192daca8fe82,False,rep75
repertoires\29a8659f3b824b78b2f967e235595d92.tsv,29a8659f3b824b78b2f967e235595d92,False,rep76
repertoires\6201fd67571a4a31b64765d0c192833e.tsv,6201fd67571a4a31b64765d0c192833e,False,rep77
repertoires\d631bfef3b8f4b1a816995fbe57ad172.tsv,d631bfef3b8f4b1a816995fbe57ad172,False,rep78
repertoires\ffdc3b37e352488ca0016fa03ec85e20.tsv,ffdc3b37e352488ca0016fa03ec85e20,False,rep79
repertoires\c5045bb5aef241e69665622544baa803.tsv,c5045bb5aef241e69665622544baa803,False,rep80
repertoires\404733163e734af3b50039643e29918d.tsv,404733163e734af3b50039643e29918d,False,rep81
repertoires\81fceefa41c9430fad5fbdd013599f61.tsv,81fceefa41c9430fad5fbdd013599f61,False,rep82
repertoires\460ef3c43ee9410685ce827bb2113511.tsv,460ef3c43ee9410685ce827bb2113511,False,rep83
repertoires\02058fd99bb74bc3ba48e2b47f22125f.tsv,02058fd99bb74bc3ba48e2b47f22125f,False,rep84
repertoires\5bd80b7bf0994fcd9ee60792451da678.tsv,5bd80b7bf0994fcd9ee60792451da678,False,rep85
repertoires\5a37ea966d0b40ba9acce2f08260f982.tsv,5a37ea966d0b40ba9acce2f08260f982,False,rep86
repertoires\2caaa586f2a34615850cb2a7fe2e4353.tsv,2caaa586f2a34615850cb2a7fe2e4353,False,rep87
repertoires\644837b9972649f39644ba10d4d063c2.tsv,644837b9972649f39644ba10d4d063c2,False,rep88
repertoires\257b078921e7425dbf324304879bcb6a.tsv,257b078921e7425dbf324304879bcb6a,False,rep89
repertoires\cd40e090e6484977a997dac59504e117.tsv,cd40e090e6484977a997dac59504e117,False,rep90
repertoires\1c1f2a15da9d46279d479c8431ec2061.tsv,1c1f2a15da9d46279d479c8431ec2061,False,rep91
repertoires\07acde2f36d3438aa2c60b54e2913ca2.tsv,07acde2f36d3438aa2c60b54e2913ca2,False,rep92
repertoires\750458c745c444199cc1e02d2e2faebe.tsv,750458c745c444199cc1e02d2e2faebe,False,rep93
repertoires\d92d7f6e9f4a487186a73871ef44c2ea.tsv,d92d7f6e9f4a487186a73871ef44c2ea,False,rep94
repertoires\eeef098bc6504aa68044344918bcbb54.tsv,eeef098bc6504aa68044344918bcbb54,False,rep95
repertoires\5733c7ed2d7047ffbda4ce39882498b1.tsv,5733c7ed2d7047ffbda4ce39882498b1,False,rep96
repertoires\3c38e4d207ad4195b271cf68e274a0f5.tsv,3c38e4d207ad4195b271cf68e274a0f5,False,rep97
repertoires\27979b8fd2d846619ab1dde0de817010.tsv,27979b8fd2d846619ab1dde0de817010,False,rep98
repertoires\3533923e13ab4e809f7992941ed254c7.tsv,3533923e13ab4e809f7992941ed254c7,False,rep99
repertoires\790f8631f9664caa8332dd90a62fe2aa.tsv,790f8631f9664caa8332dd90a62fe2aa,False,rep100
