1,2,3,4,5,6,7,8,9,10,11,12,13,14,15,16,17,18,19,20,21,22,23,24,25,alphabet
0.048,0.056,0.04,0.048,0.024,0.04,0.064,0.528,0.504,0.512,0.088,0.04,0.064,0.032,0.072,0.056,0.072,0.072,0.024,0.04,0.064,0.016,0.096,0.072,0.056,A
0.032,0.04,0.04,0.04,0.032,0.032,0.048,0.04,0.016,0.016,0.048,0.056,0.04,0.048,0.04,0.048,0.04,0.032,0.008,0.04,0.024,0.064,0.024,0.072,0.064,C
0.088,0.08,0.064,0.04,0.024,0.032,0.056,0.032,0.024,0.024,0.064,0.016,0.064,0.088,0.048,0.024,0.032,0.024,0.048,0.064,0.04,0.024,0.04,0.08,0.048,D
0.08,0.048,0.072,0.08,0.064,0.024,0.056,0.024,0.016,0.0,0.024,0.056,0.056,0.048,0.032,0.08,0.04,0.024,0.072,0.032,0.024,0.04,0.032,0.064,0.04,E
0.08,0.016,0.04,0.04,0.024,0.048,0.032,0.016,0.016,0.056,0.032,0.048,0.08,0.024,0.04,0.056,0.032,0.064,0.032,0.048,0.048,0.08,0.072,0.04,0.064,F
0.048,0.056,0.048,0.048,0.056,0.056,0.048,0.024,0.016,0.04,0.048,0.048,0.04,0.064,0.088,0.024,0.048,0.064,0.024,0.04,0.064,0.04,0.048,0.008,0.056,G
0.064,0.04,0.072,0.056,0.096,0.032,0.04,0.032,0.032,0.016,0.024,0.04,0.072,0.056,0.032,0.096,0.056,0.072,0.056,0.048,0.056,0.04,0.024,0.056,0.048,H
0.072,0.072,0.032,0.048,0.04,0.064,0.064,0.016,0.016,0.032,0.048,0.072,0.064,0.064,0.088,0.056,0.04,0.064,0.096,0.04,0.056,0.048,0.064,0.096,0.04,I
0.04,0.056,0.056,0.04,0.112,0.048,0.024,0.024,0.016,0.04,0.048,0.008,0.056,0.016,0.016,0.04,0.056,0.032,0.048,0.048,0.032,0.096,0.056,0.032,0.048,K
0.048,0.064,0.032,0.056,0.024,0.048,0.04,0.016,0.016,0.0,0.056,0.048,0.024,0.032,0.064,0.032,0.056,0.056,0.072,0.04,0.048,0.032,0.064,0.064,0.048,L
0.04,0.04,0.056,0.056,0.08,0.024,0.072,0.016,0.032,0.024,0.056,0.056,0.04,0.064,0.096,0.048,0.056,0.04,0.04,0.04,0.016,0.032,0.048,0.048,0.096,M
0.072,0.032,0.064,0.04,0.056,0.064,0.04,0.024,0.032,0.024,0.032,0.024,0.016,0.048,0.048,0.032,0.056,0.048,0.096,0.056,0.064,0.088,0.032,0.04,0.088,N
0.032,0.056,0.024,0.04,0.056,0.056,0.064,0.016,0.008,0.024,0.088,0.064,0.032,0.064,0.064,0.048,0.064,0.04,0.072,0.064,0.112,0.04,0.072,0.056,0.032,P
0.032,0.048,0.04,0.088,0.04,0.024,0.032,0.032,0.048,0.024,0.04,0.056,0.048,0.072,0.024,0.064,0.016,0.024,0.056,0.072,0.048,0.04,0.056,0.056,0.056,Q
0.032,0.056,0.08,0.08,0.032,0.112,0.04,0.016,0.016,0.048,0.04,0.056,0.048,0.032,0.016,0.024,0.032,0.072,0.048,0.032,0.048,0.064,0.064,0.064,0.024,R
0.04,0.024,0.064,0.024,0.024,0.048,0.096,0.048,0.016,0.024,0.048,0.08,0.064,0.032,0.064,0.024,0.056,0.056,0.048,0.088,0.056,0.08,0.064,0.032,0.048,S
0.024,0.056,0.024,0.064,0.056,0.08,0.056,0.024,0.032,0.024,0.072,0.048,0.032,0.048,0.04,0.024,0.048,0.04,0.072,0.048,0.048,0.08,0.024,0.016,0.04,T
0.048,0.048,0.04,0.016,0.04,0.04,0.056,0.016,0.024,0.032,0.04,0.048,0.072,0.016,0.048,0.056,0.04,0.072,0.032,0.056,0.032,0.032,0.032,0.016,0.024,V
0.04,0.064,0.064,0.032,0.072,0.088,0.024,0.048,0.032,0.008,0.072,0.056,0.032,0.072,0.048,0.088,0.096,0.04,0.024,0.072,0.072,0.032,0.04,0.04,0.048,W
0.04,0.048,0.048,0.064,0.048,0.04,0.048,0.008,0.088,0.032,0.032,0.08,0.056,0.08,0.032,0.08,0.064,0.064,0.032,0.032,0.048,0.032,0.048,0.048,0.032,Y
